Time, z, vz, sphericity, size
0.000000, 0.500000, 0.000000, 1.008196, 0.000000
0.002500, 0.500000, 0.000363, 1.008196, 0.000000
0.005000, 0.499999, 0.003628, 1.008304, 0.000000
0.007500, 0.499993, 0.006993, 1.008327, 0.000000
0.010000, 0.499987, 0.010347, 1.008333, 0.000000
0.012500, 0.499981, 0.013683, 1.008332, 0.000000
0.015000, 0.499978, 0.017000, 1.008326, 0.000000
0.017500, 0.499980, 0.020297, 1.008319, 0.000000
0.020000, 0.499986, 0.023573, 1.008311, 0.000000
0.022500, 0.499999, 0.026829, 1.008302, 0.000000
0.025000, 0.500018, 0.030063, 1.008294, 0.000000
0.027500, 0.500045, 0.033276, 1.008284, 0.000000
0.030000, 0.500080, 0.036468, 1.008275, 0.000000
0.032500, 0.500123, 0.039639, 1.008265, 0.000000
0.035000, 0.500174, 0.042789, 1.008254, 0.000000
0.037500, 0.500234, 0.045919, 1.008243, 0.000000
0.040000, 0.500302, 0.049028, 1.008232, 0.000000
0.042500, 0.500379, 0.052117, 1.008219, 0.000000
0.045000, 0.500465, 0.055186, 1.008206, 0.000000
0.047500, 0.500561, 0.058236, 1.008191, 0.000000
0.050000, 0.500665, 0.061267, 1.008177, 0.000000
0.052500, 0.500779, 0.064280, 1.008163, 0.000000
0.055000, 0.500902, 0.067276, 1.008148, 0.000000
0.057500, 0.501034, 0.070253, 1.008133, 0.000000
0.060000, 0.501176, 0.073213, 1.008119, 0.000000
0.062500, 0.501326, 0.076156, 1.008104, 0.000000
0.065000, 0.501487, 0.079083, 1.008088, 0.000000
0.067500, 0.501656, 0.081993, 1.008074, 0.000000
0.070000, 0.501834, 0.084887, 1.008060, 0.000000
0.072500, 0.502022, 0.087764, 1.008046, 0.000000
0.075000, 0.502219, 0.090625, 1.008032, 0.000000
0.077500, 0.502424, 0.093471, 1.008018, 0.000000
0.080000, 0.502639, 0.096299, 1.008004, 0.000000
0.082500, 0.502863, 0.099112, 1.007991, 0.000000
0.085000, 0.503095, 0.101910, 1.007977, 0.000000
0.087500, 0.503337, 0.104691, 1.007964, 0.000000
0.090000, 0.503587, 0.107457, 1.007951, 0.000000
0.092500, 0.503846, 0.110207, 1.007939, 0.000000
0.095000, 0.504113, 0.112943, 1.007927, 0.000000
0.097500, 0.504389, 0.115662, 1.007915, 0.000000
0.100000, 0.504674, 0.118367, 1.007904, 0.000000
0.102500, 0.504967, 0.121056, 1.007894, 0.000000
0.105000, 0.505269, 0.123729, 1.007884, 0.000000
0.107500, 0.505579, 0.126386, 1.007873, 0.000000
0.110000, 0.505897, 0.129028, 1.007864, 0.000000
0.112500, 0.506224, 0.131654, 1.007855, 0.000000
0.115000, 0.506559, 0.134264, 1.007848, 0.000000
0.117500, 0.506902, 0.136859, 1.007840, 0.000000
0.120000, 0.507254, 0.139440, 1.007834, 0.000000
0.122500, 0.507614, 0.142007, 1.007828, 0.000000
0.125000, 0.507982, 0.144560, 1.007822, 0.000000
0.127500, 0.508359, 0.147099, 1.007817, 0.000000
0.130000, 0.508743, 0.149625, 1.007812, 0.000000
0.132500, 0.509136, 0.152136, 1.007808, 0.000000
0.135000, 0.509536, 0.154634, 1.007804, 0.000000
0.137500, 0.509945, 0.157118, 1.007800, 0.000000
0.140000, 0.510362, 0.159589, 1.007796, 0.000000
0.142500, 0.510786, 0.162046, 1.007793, 0.000000
0.145000, 0.511219, 0.164489, 1.007790, 0.000000
0.147500, 0.511659, 0.166919, 1.007788, 0.000000
0.150000, 0.512107, 0.169335, 1.007786, 0.000000
0.152500, 0.512562, 0.171737, 1.007785, 0.000000
0.155000, 0.513025, 0.174126, 1.007783, 0.000000
0.157500, 0.513496, 0.176500, 1.007782, 0.000000
0.160000, 0.513973, 0.178861, 1.007781, 0.000000
0.162500, 0.514458, 0.181208, 1.007780, 0.000000
0.165000, 0.514951, 0.183543, 1.007778, 0.000000
0.167500, 0.515449, 0.185865, 1.007776, 0.000000
0.170000, 0.515955, 0.188175, 1.007774, 0.000000
0.172500, 0.516467, 0.190474, 1.007771, 0.000000
0.175000, 0.516986, 0.192762, 1.007769, 0.000000
0.177500, 0.517511, 0.195039, 1.007765, 0.000000
0.180000, 0.518041, 0.197306, 1.007761, 0.000000
0.182500, 0.518578, 0.199562, 1.007757, 0.000000
0.185000, 0.519120, 0.201808, 1.007752, 0.000000
0.187500, 0.519667, 0.204043, 1.007747, 0.000000
0.190000, 0.520220, 0.206267, 1.007742, 0.000000
0.192500, 0.520778, 0.208479, 1.007735, 0.000000
0.195000, 0.521341, 0.210678, 1.007729, 0.000000
0.197500, 0.521908, 0.212865, 1.007722, 0.000000
0.200000, 0.522481, 0.215039, 1.007715, 0.000000
0.202500, 0.523057, 0.217199, 1.007707, 0.000000
0.205000, 0.523639, 0.219346, 1.007699, 0.000000
0.207500, 0.524225, 0.221478, 1.007691, 0.000000
0.210000, 0.524815, 0.223593, 1.007683, 0.000000
0.212500, 0.525409, 0.225692, 1.007675, 0.000000
0.215000, 0.526007, 0.227773, 1.007668, 0.000000
0.217500, 0.526610, 0.229836, 1.007661, 0.000000
0.220000, 0.527217, 0.231881, 1.007654, 0.000000
0.222500, 0.527829, 0.233906, 1.007648, 0.000000
0.225000, 0.528444, 0.235912, 1.007643, 0.000000
0.227500, 0.529065, 0.237899, 1.007639, 0.000000
0.230000, 0.529690, 0.239868, 1.007636, 0.000000
0.232500, 0.530320, 0.241820, 1.007633, 0.000000
0.235000, 0.530954, 0.243756, 1.007630, 0.000000
0.237500, 0.531594, 0.245677, 1.007629, 0.000000
0.240000, 0.532238, 0.247583, 1.007627, 0.000000
0.242500, 0.532887, 0.249475, 1.007626, 0.000000
0.245000, 0.533542, 0.251355, 1.007625, 0.000000
0.247500, 0.534202, 0.253222, 1.007624, 0.000000
0.250000, 0.534867, 0.255078, 1.007624, 0.000000
0.252500, 0.535538, 0.256922, 1.007624, 0.000000
0.255000, 0.536214, 0.258756, 1.007623, 0.000000
0.257500, 0.536895, 0.260576, 1.007623, 0.000000
0.260000, 0.537582, 0.262385, 1.007623, 0.000000
0.262500, 0.538274, 0.264181, 1.007623, 0.000000
0.265000, 0.538973, 0.265961, 1.007624, 0.000000
0.267500, 0.539677, 0.267726, 1.007626, 0.000000
0.270000, 0.540387, 0.269473, 1.007627, 0.000000
0.272500, 0.541103, 0.271203, 1.007628, 0.000000
0.275000, 0.541825, 0.272914, 1.007630, 0.000000
0.277500, 0.542553, 0.274606, 1.007632, 0.000000
0.280000, 0.543287, 0.276279, 1.007634, 0.000000
0.282500, 0.544028, 0.277930, 1.007638, 0.000000
0.285000, 0.544775, 0.279560, 1.007643, 0.000000
0.287500, 0.545528, 0.281168, 1.007649, 0.000000
0.290000, 0.546289, 0.282753, 1.007657, 0.000000
0.292500, 0.547057, 0.284318, 1.007666, 0.000000
0.295000, 0.547832, 0.285863, 1.007676, 0.000000
0.297500, 0.548615, 0.287389, 1.007687, 0.000000
0.300000, 0.549405, 0.288898, 1.007699, 0.000000
0.302500, 0.550202, 0.290394, 1.007713, 0.000000
0.305000, 0.551008, 0.291877, 1.007726, 0.000000
0.307500, 0.551821, 0.293348, 1.007740, 0.000000
0.310000, 0.552642, 0.294808, 1.007754, 0.000000
0.312500, 0.553470, 0.296261, 1.007767, 0.000000
0.315000, 0.554305, 0.297706, 1.007780, 0.000000
0.317500, 0.555148, 0.299144, 1.007792, 0.000000
0.320000, 0.555997, 0.300574, 1.007804, 0.000000
0.322500, 0.556854, 0.301992, 1.007816, 0.000000
0.325000, 0.557716, 0.303397, 1.007827, 0.000000
0.327500, 0.558585, 0.304788, 1.007836, 0.000000
0.330000, 0.559458, 0.306165, 1.007843, 0.000000
0.332500, 0.560337, 0.307529, 1.007848, 0.000000
0.335000, 0.561219, 0.308880, 1.007850, 0.000000
0.337500, 0.562106, 0.310215, 1.007851, 0.000000
0.340000, 0.562995, 0.311536, 1.007849, 0.000000
0.342500, 0.563887, 0.312841, 1.007845, 0.000000
0.345000, 0.564780, 0.314127, 1.007840, 0.000000
0.347500, 0.565675, 0.315396, 1.007833, 0.000000
0.350000, 0.566571, 0.316643, 1.007824, 0.000000
0.352500, 0.567467, 0.317867, 1.007814, 0.000000
0.355000, 0.568363, 0.319064, 1.007803, 0.000000
0.357500, 0.569259, 0.320233, 1.007791, 0.000000
0.360000, 0.570155, 0.321373, 1.007777, 0.000000
0.362500, 0.571049, 0.322482, 1.007763, 0.000000
0.365000, 0.571942, 0.323563, 1.007749, 0.000000
0.367500, 0.572834, 0.324615, 1.007735, 0.000000
0.370000, 0.573724, 0.325640, 1.007719, 0.000000
0.372500, 0.574613, 0.326637, 1.007703, 0.000000
0.375000, 0.575499, 0.327605, 1.007687, 0.000000
0.377500, 0.576384, 0.328546, 1.007671, 0.000000
0.380000, 0.577266, 0.329461, 1.007654, 0.000000
0.382500, 0.578147, 0.330350, 1.007639, 0.000000
0.385000, 0.579025, 0.331212, 1.007624, 0.000000
0.387500, 0.579902, 0.332050, 1.007609, 0.000000
0.390000, 0.580777, 0.332867, 1.007595, 0.000000
0.392500, 0.581650, 0.333666, 1.007583, 0.000000
0.395000, 0.582522, 0.334450, 1.007572, 0.000000
0.397500, 0.583393, 0.335219, 1.007562, 0.000000
0.400000, 0.584264, 0.335975, 1.007555, 0.000000
0.402500, 0.585134, 0.336721, 1.007549, 0.000000
0.405000, 0.586005, 0.337457, 1.007544, 0.000000
0.407500, 0.586877, 0.338185, 1.007541, 0.000000
0.410000, 0.587750, 0.338907, 1.007539, 0.000000
0.412500, 0.588625, 0.339622, 1.007538, 0.000000
0.415000, 0.589501, 0.340329, 1.007538, 0.000000
0.417500, 0.590380, 0.341029, 1.007540, 0.000000
0.420000, 0.591261, 0.341718, 1.007544, 0.000000
0.422500, 0.592147, 0.342396, 1.007550, 0.000000
0.425000, 0.593035, 0.343057, 1.007557, 0.000000
0.427500, 0.593928, 0.343695, 1.007565, 0.000000
0.430000, 0.594826, 0.344305, 1.007575, 0.000000
0.432500, 0.595727, 0.344887, 1.007586, 0.000000
0.435000, 0.596634, 0.345440, 1.007598, 0.000000
0.437500, 0.597545, 0.345963, 1.007609, 0.000000
0.440000, 0.598461, 0.346459, 1.007622, 0.000000
0.442500, 0.599382, 0.346926, 1.007635, 0.000000
0.445000, 0.600309, 0.347368, 1.007649, 0.000000
0.447500, 0.601240, 0.347786, 1.007664, 0.000000
0.450000, 0.602178, 0.348183, 1.007679, 0.000000
0.452500, 0.603121, 0.348561, 1.007696, 0.000000
0.455000, 0.604069, 0.348922, 1.007715, 0.000000
0.457500, 0.605025, 0.349269, 1.007734, 0.000000
0.460000, 0.605986, 0.349604, 1.007754, 0.000000
0.462500, 0.606954, 0.349929, 1.007774, 0.000000
0.465000, 0.607927, 0.350249, 1.007794, 0.000000
0.467500, 0.608906, 0.350568, 1.007813, 0.000000
0.470000, 0.609891, 0.350885, 1.007832, 0.000000
0.472500, 0.610880, 0.351201, 1.007849, 0.000000
0.475000, 0.611874, 0.351514, 1.007865, 0.000000
0.477500, 0.612871, 0.351823, 1.007879, 0.000000
0.480000, 0.613872, 0.352129, 1.007890, 0.000000
0.482500, 0.614875, 0.352434, 1.007897, 0.000000
0.485000, 0.615879, 0.352738, 1.007901, 0.000000
0.487500, 0.616885, 0.353041, 1.007902, 0.000000
0.490000, 0.617890, 0.353341, 1.007900, 0.000000
0.492500, 0.618894, 0.353636, 1.007895, 0.000000
0.495000, 0.619898, 0.353922, 1.007888, 0.000000
0.497500, 0.620899, 0.354201, 1.007879, 0.000000
0.500000, 0.621899, 0.354480, 1.007869, 0.000000
0.502500, 0.622896, 0.354760, 1.007856, 0.000000
0.505000, 0.623889, 0.355032, 1.007842, 0.000000
0.507500, 0.624879, 0.355289, 1.007826, 0.000000
0.510000, 0.625865, 0.355525, 1.007808, 0.000000
0.512500, 0.626846, 0.355735, 1.007789, 0.000000
0.515000, 0.627823, 0.355918, 1.007768, 0.000000
0.517500, 0.628794, 0.356070, 1.007747, 0.000000
0.520000, 0.629760, 0.356192, 1.007726, 0.000000
0.522500, 0.630721, 0.356284, 1.007704, 0.000000
0.525000, 0.631675, 0.356347, 1.007681, 0.000000
0.527500, 0.632624, 0.356382, 1.007659, 0.000000
0.530000, 0.633567, 0.356390, 1.007637, 0.000000
0.532500, 0.634504, 0.356373, 1.007617, 0.000000
0.535000, 0.635436, 0.356334, 1.007598, 0.000000
0.537500, 0.636362, 0.356276, 1.007580, 0.000000
0.540000, 0.637283, 0.356203, 1.007563, 0.000000
0.542500, 0.638200, 0.356119, 1.007547, 0.000000
0.545000, 0.639112, 0.356026, 1.007533, 0.000000
0.547500, 0.640020, 0.355929, 1.007521, 0.000000
0.550000, 0.640925, 0.355830, 1.007511, 0.000000
0.552500, 0.641826, 0.355732, 1.007503, 0.000000
0.555000, 0.642725, 0.355638, 1.007497, 0.000000
0.557500, 0.643621, 0.355547, 1.007493, 0.000000
0.560000, 0.644515, 0.355461, 1.007492, 0.000000
0.562500, 0.645409, 0.355379, 1.007492, 0.000000
0.565000, 0.646301, 0.355300, 1.007494, 0.000000
0.567500, 0.647193, 0.355224, 1.007496, 0.000000
0.570000, 0.648085, 0.355149, 1.007500, 0.000000
0.572500, 0.648976, 0.355075, 1.007505, 0.000000
0.575000, 0.649869, 0.354997, 1.007511, 0.000000
0.577500, 0.650763, 0.354915, 1.007519, 0.000000
0.580000, 0.651658, 0.354827, 1.007529, 0.000000
0.582500, 0.652556, 0.354735, 1.007539, 0.000000
0.585000, 0.653456, 0.354641, 1.007549, 0.000000
0.587500, 0.654359, 0.354546, 1.007560, 0.000000
0.590000, 0.655265, 0.354450, 1.007571, 0.000000
0.592500, 0.656173, 0.354354, 1.007582, 0.000000
0.595000, 0.657085, 0.354257, 1.007593, 0.000000
0.597500, 0.658000, 0.354161, 1.007604, 0.000000
0.600000, 0.658919, 0.354066, 1.007615, 0.000000
0.602500, 0.659840, 0.353973, 1.007626, 0.000000
0.605000, 0.660765, 0.353884, 1.007637, 0.000000
0.607500, 0.661693, 0.353797, 1.007648, 0.000000
0.610000, 0.662624, 0.353707, 1.007658, 0.000000
0.612500, 0.663558, 0.353613, 1.007668, 0.000000
0.615000, 0.664496, 0.353513, 1.007678, 0.000000
0.617500, 0.665436, 0.353406, 1.007688, 0.000000
0.620000, 0.666380, 0.353294, 1.007698, 0.000000
0.622500, 0.667327, 0.353178, 1.007708, 0.000000
0.625000, 0.668276, 0.353059, 1.007718, 0.000000
0.627500, 0.669229, 0.352936, 1.007727, 0.000000
0.630000, 0.670184, 0.352808, 1.007736, 0.000000
0.632500, 0.671141, 0.352670, 1.007744, 0.000000
0.635000, 0.672101, 0.352523, 1.007751, 0.000000
0.637500, 0.673061, 0.352365, 1.007756, 0.000000
0.640000, 0.674023, 0.352196, 1.007759, 0.000000
0.642500, 0.674984, 0.352018, 1.007759, 0.000000
0.645000, 0.675945, 0.351830, 1.007758, 0.000000
0.647500, 0.676905, 0.351633, 1.007755, 0.000000
0.650000, 0.677863, 0.351427, 1.007751, 0.000000
0.652500, 0.678819, 0.351213, 1.007744, 0.000000
0.655000, 0.679773, 0.350990, 1.007736, 0.000000
0.657500, 0.680724, 0.350760, 1.007727, 0.000000
0.660000, 0.681671, 0.350522, 1.007716, 0.000000
0.662500, 0.682614, 0.350276, 1.007704, 0.000000
0.665000, 0.683552, 0.350023, 1.007692, 0.000000
0.667500, 0.684486, 0.349763, 1.007679, 0.000000
0.670000, 0.685416, 0.349498, 1.007665, 0.000000
0.672500, 0.686340, 0.349229, 1.007650, 0.000000
0.675000, 0.687258, 0.348959, 1.007636, 0.000000
0.677500, 0.688171, 0.348687, 1.007621, 0.000000
0.680000, 0.689078, 0.348416, 1.007607, 0.000000
0.682500, 0.689980, 0.348146, 1.007592, 0.000000
0.685000, 0.690876, 0.347877, 1.007578, 0.000000
0.687500, 0.691766, 0.347609, 1.007564, 0.000000
0.690000, 0.692650, 0.347345, 1.007550, 0.000000
0.692500, 0.693529, 0.347085, 1.007537, 0.000000
0.695000, 0.694402, 0.346831, 1.007525, 0.000000
0.697500, 0.695271, 0.346587, 1.007513, 0.000000
0.700000, 0.696135, 0.346359, 1.007502, 0.000000
0.702500, 0.696995, 0.346149, 1.007491, 0.000000
0.705000, 0.697852, 0.345959, 1.007481, 0.000000
0.707500, 0.698705, 0.345789, 1.007471, 0.000000
0.710000, 0.699556, 0.345636, 1.007462, 0.000000
0.712500, 0.700404, 0.345499, 1.007453, 0.000000
0.715000, 0.701250, 0.345376, 1.007445, 0.000000
0.717500, 0.702094, 0.345267, 1.007436, 0.000000
0.720000, 0.702937, 0.345169, 1.007428, 0.000000
0.722500, 0.703778, 0.345079, 1.007421, 0.000000
0.725000, 0.704619, 0.344996, 1.007415, 0.000000
0.727500, 0.705459, 0.344914, 1.007409, 0.000000
0.730000, 0.706299, 0.344826, 1.007404, 0.000000
0.732500, 0.707139, 0.344729, 1.007400, 0.000000
0.735000, 0.707979, 0.344619, 1.007396, 0.000000
0.737500, 0.708820, 0.344494, 1.007395, 0.000000
0.740000, 0.709663, 0.344353, 1.007397, 0.000000
0.742500, 0.710508, 0.344192, 1.007400, 0.000000
0.745000, 0.711355, 0.344014, 1.007404, 0.000000
0.747500, 0.712205, 0.343820, 1.007410, 0.000000
0.750000, 0.713057, 0.343611, 1.007416, 0.000000
0.752500, 0.713913, 0.343388, 1.007422, 0.000000
0.755000, 0.714771, 0.343154, 1.007429, 0.000000
0.757500, 0.715632, 0.342910, 1.007436, 0.000000
0.760000, 0.716495, 0.342660, 1.007443, 0.000000
0.762500, 0.717360, 0.342404, 1.007450, 0.000000
0.765000, 0.718228, 0.342146, 1.007458, 0.000000
0.767500, 0.719098, 0.341887, 1.007466, 0.000000
0.770000, 0.719971, 0.341628, 1.007474, 0.000000
0.772500, 0.720845, 0.341373, 1.007481, 0.000000
0.775000, 0.721721, 0.341122, 1.007488, 0.000000
0.777500, 0.722598, 0.340878, 1.007496, 0.000000
0.780000, 0.723477, 0.340642, 1.007504, 0.000000
0.782500, 0.724358, 0.340415, 1.007513, 0.000000
0.785000, 0.725241, 0.340198, 1.007521, 0.000000
0.787500, 0.726126, 0.339992, 1.007530, 0.000000
0.790000, 0.727012, 0.339795, 1.007538, 0.000000
0.792500, 0.727899, 0.339605, 1.007546, 0.000000
0.795000, 0.728788, 0.339418, 1.007554, 0.000000
0.797500, 0.729678, 0.339232, 1.007561, 0.000000
0.800000, 0.730568, 0.339046, 1.007566, 0.000000
0.802500, 0.731459, 0.338860, 1.007571, 0.000000
0.805000, 0.732350, 0.338674, 1.007574, 0.000000
0.807500, 0.733241, 0.338487, 1.007576, 0.000000
0.810000, 0.734130, 0.338298, 1.007576, 0.000000
0.812500, 0.735019, 0.338109, 1.007574, 0.000000
0.815000, 0.735906, 0.337918, 1.007571, 0.000000
0.817500, 0.736790, 0.337727, 1.007566, 0.000000
0.820000, 0.737672, 0.337535, 1.007559, 0.000000
0.822500, 0.738551, 0.337342, 1.007552, 0.000000
0.825000, 0.739428, 0.337151, 1.007544, 0.000000
0.827500, 0.740302, 0.336961, 1.007535, 0.000000
0.830000, 0.741172, 0.336777, 1.007524, 0.000000
0.832500, 0.742040, 0.336602, 1.007510, 0.000000
0.835000, 0.742904, 0.336441, 1.007495, 0.000000
0.837500, 0.743765, 0.336294, 1.007478, 0.000000
0.840000, 0.744622, 0.336161, 1.007460, 0.000000
0.842500, 0.745476, 0.336040, 1.007440, 0.000000
0.845000, 0.746327, 0.335929, 1.007419, 0.000000
0.847500, 0.747173, 0.335827, 1.007397, 0.000000
0.850000, 0.748016, 0.335731, 1.007376, 0.000000
0.852500, 0.748856, 0.335641, 1.007356, 0.000000
0.855000, 0.749692, 0.335552, 1.007337, 0.000000
0.857500, 0.750525, 0.335463, 1.007320, 0.000000
0.860000, 0.751355, 0.335373, 1.007305, 0.000000
0.862500, 0.752183, 0.335279, 1.007291, 0.000000
0.865000, 0.753008, 0.335181, 1.007278, 0.000000
0.867500, 0.753831, 0.335079, 1.007266, 0.000000
0.870000, 0.754652, 0.334974, 1.007256, 0.000000
0.872500, 0.755470, 0.334863, 1.007246, 0.000000
0.875000, 0.756287, 0.334747, 1.007237, 0.000000
0.877500, 0.757101, 0.334627, 1.007229, 0.000000
0.880000, 0.757914, 0.334503, 1.007221, 0.000000
0.882500, 0.758724, 0.334377, 1.007213, 0.000000
0.885000, 0.759533, 0.334247, 1.007206, 0.000000
0.887500, 0.760340, 0.334112, 1.007200, 0.000000
0.890000, 0.761145, 0.333972, 1.007196, 0.000000
0.892500, 0.761950, 0.333825, 1.007194, 0.000000
0.895000, 0.762753, 0.333672, 1.007192, 0.000000
0.897500, 0.763557, 0.333513, 1.007193, 0.000000
0.900000, 0.764360, 0.333349, 1.007195, 0.000000
0.902500, 0.765164, 0.333179, 1.007200, 0.000000
0.905000, 0.765970, 0.333003, 1.007206, 0.000000
0.907500, 0.766777, 0.332821, 1.007214, 0.000000
0.910000, 0.767586, 0.332634, 1.007223, 0.000000
0.912500, 0.768397, 0.332443, 1.007231, 0.000000
0.915000, 0.769211, 0.332249, 1.007240, 0.000000
0.917500, 0.770026, 0.332053, 1.007247, 0.000000
0.920000, 0.770843, 0.331856, 1.007254, 0.000000
0.922500, 0.771663, 0.331660, 1.007261, 0.000000
0.925000, 0.772484, 0.331466, 1.007266, 0.000000
0.927500, 0.773306, 0.331276, 1.007272, 0.000000
0.930000, 0.774131, 0.331090, 1.007276, 0.000000
0.932500, 0.774957, 0.330910, 1.007280, 0.000000
0.935000, 0.775785, 0.330738, 1.007283, 0.000000
0.937500, 0.776613, 0.330574, 1.007286, 0.000000
0.940000, 0.777444, 0.330421, 1.007288, 0.000000
0.942500, 0.778276, 0.330276, 1.007292, 0.000000
0.945000, 0.779110, 0.330142, 1.007296, 0.000000
0.947500, 0.779947, 0.330017, 1.007301, 0.000000
0.950000, 0.780785, 0.329902, 1.007306, 0.000000
0.952500, 0.781626, 0.329795, 1.007311, 0.000000
0.955000, 0.782470, 0.329695, 1.007317, 0.000000
0.957500, 0.783315, 0.329601, 1.007323, 0.000000
0.960000, 0.784164, 0.329511, 1.007330, 0.000000
0.962500, 0.785014, 0.329425, 1.007335, 0.000000
0.965000, 0.785866, 0.329342, 1.007339, 0.000000
0.967500, 0.786719, 0.329266, 1.007341, 0.000000
0.970000, 0.787573, 0.329194, 1.007341, 0.000000
0.972500, 0.788427, 0.329128, 1.007340, 0.000000
0.975000, 0.789282, 0.329066, 1.007337, 0.000000
0.977500, 0.790136, 0.329009, 1.007333, 0.000000
0.980000, 0.790989, 0.328954, 1.007328, 0.000000
0.982500, 0.791841, 0.328901, 1.007322, 0.000000
0.985000, 0.792692, 0.328849, 1.007315, 0.000000
0.987500, 0.793541, 0.328794, 1.007306, 0.000000
0.990000, 0.794388, 0.328736, 1.007297, 0.000000
0.992500, 0.795233, 0.328672, 1.007286, 0.000000
0.995000, 0.796075, 0.328600, 1.007274, 0.000000
0.997500, 0.796914, 0.328521, 1.007260, 0.000000
1.000000, 0.797750, 0.328434, 1.007247, 0.000000
1.002500, 0.798582, 0.328339, 1.007232, 0.000000
1.005000, 0.799411, 0.328236, 1.007216, 0.000000
1.007500, 0.800237, 0.328126, 1.007200, 0.000000
1.010000, 0.801058, 0.328010, 1.007185, 0.000000
1.012500, 0.801877, 0.327888, 1.007172, 0.000000
1.015000, 0.802692, 0.327761, 1.007160, 0.000000
1.017500, 0.803504, 0.327630, 1.007149, 0.000000
1.020000, 0.804314, 0.327496, 1.007139, 0.000000
1.022500, 0.805122, 0.327360, 1.007129, 0.000000
1.025000, 0.805927, 0.327225, 1.007122, 0.000000
1.027500, 0.806730, 0.327090, 1.007113, 0.000000
1.030000, 0.807531, 0.326956, 1.007105, 0.000000
1.032500, 0.808329, 0.326822, 1.007097, 0.000000
1.035000, 0.809126, 0.326691, 1.007089, 0.000000
1.037500, 0.809920, 0.326562, 1.007081, 0.000000
1.040000, 0.810712, 0.326434, 1.007073, 0.000000
1.042500, 0.811502, 0.326308, 1.007066, 0.000000
1.045000, 0.812290, 0.326184, 1.007059, 0.000000
1.047500, 0.813076, 0.326061, 1.007052, 0.000000
1.050000, 0.813860, 0.325937, 1.007046, 0.000000
1.052500, 0.814643, 0.325812, 1.007042, 0.000000
1.055000, 0.815425, 0.325682, 1.007040, 0.000000
1.057500, 0.816207, 0.325551, 1.007040, 0.000000
1.060000, 0.816988, 0.325417, 1.007040, 0.000000
1.062500, 0.817770, 0.325281, 1.007042, 0.000000
1.065000, 0.818552, 0.325142, 1.007046, 0.000000
1.067500, 0.819336, 0.325001, 1.007051, 0.000000
1.070000, 0.820121, 0.324856, 1.007057, 0.000000
1.072500, 0.820908, 0.324708, 1.007065, 0.000000
1.075000, 0.821697, 0.324558, 1.007072, 0.000000
1.077500, 0.822488, 0.324408, 1.007080, 0.000000
1.080000, 0.823281, 0.324258, 1.007086, 0.000000
1.082500, 0.824076, 0.324110, 1.007092, 0.000000
1.085000, 0.824873, 0.323963, 1.007096, 0.000000
1.087500, 0.825670, 0.323821, 1.007100, 0.000000
1.090000, 0.826470, 0.323685, 1.007103, 0.000000
1.092500, 0.827270, 0.323555, 1.007105, 0.000000
1.095000, 0.828072, 0.323435, 1.007107, 0.000000
1.097500, 0.828875, 0.323325, 1.007107, 0.000000
1.100000, 0.829678, 0.323225, 1.007107, 0.000000
1.102500, 0.830483, 0.323137, 1.007110, 0.000000
1.105000, 0.831290, 0.323062, 1.007114, 0.000000
1.107500, 0.832098, 0.322997, 1.007120, 0.000000
1.110000, 0.832909, 0.322945, 1.007127, 0.000000
1.112500, 0.833722, 0.322906, 1.007135, 0.000000
1.115000, 0.834538, 0.322878, 1.007143, 0.000000
1.117500, 0.835356, 0.322862, 1.007152, 0.000000
1.120000, 0.836176, 0.322854, 1.007161, 0.000000
1.122500, 0.837000, 0.322853, 1.007170, 0.000000
1.125000, 0.837825, 0.322854, 1.007179, 0.000000
1.127500, 0.838652, 0.322856, 1.007186, 0.000000
1.130000, 0.839481, 0.322857, 1.007193, 0.000000
1.132500, 0.840312, 0.322856, 1.007197, 0.000000
1.135000, 0.841143, 0.322850, 1.007201, 0.000000
1.137500, 0.841974, 0.322838, 1.007203, 0.000000
1.140000, 0.842806, 0.322817, 1.007203, 0.000000
1.142500, 0.843638, 0.322787, 1.007202, 0.000000
1.145000, 0.844468, 0.322746, 1.007199, 0.000000
1.147500, 0.845298, 0.322692, 1.007196, 0.000000
1.150000, 0.846127, 0.322626, 1.007191, 0.000000
1.152500, 0.846953, 0.322549, 1.007184, 0.000000
1.155000, 0.847778, 0.322459, 1.007175, 0.000000
1.157500, 0.848600, 0.322358, 1.007166, 0.000000
1.160000, 0.849420, 0.322246, 1.007155, 0.000000
1.162500, 0.850237, 0.322127, 1.007143, 0.000000
1.165000, 0.851051, 0.322000, 1.007131, 0.000000
1.167500, 0.851862, 0.321868, 1.007118, 0.000000
1.170000, 0.852670, 0.321733, 1.007105, 0.000000
1.172500, 0.853474, 0.321595, 1.007093, 0.000000
1.175000, 0.854276, 0.321458, 1.007082, 0.000000
1.177500, 0.855076, 0.321321, 1.007073, 0.000000
1.180000, 0.855873, 0.321186, 1.007064, 0.000000
1.182500, 0.856668, 0.321054, 1.007056, 0.000000
1.185000, 0.857461, 0.320925, 1.007048, 0.000000
1.187500, 0.858252, 0.320801, 1.007040, 0.000000
1.190000, 0.859041, 0.320680, 1.007033, 0.000000
1.192500, 0.859828, 0.320563, 1.007026, 0.000000
1.195000, 0.860614, 0.320449, 1.007019, 0.000000
1.197500, 0.861397, 0.320339, 1.007011, 0.000000
1.200000, 0.862178, 0.320233, 1.007004, 0.000000
1.202500, 0.862957, 0.320128, 1.006998, 0.000000
1.205000, 0.863734, 0.320027, 1.006991, 0.000000
1.207500, 0.864509, 0.319927, 1.006984, 0.000000
1.210000, 0.865282, 0.319827, 1.006977, 0.000000
1.212500, 0.866053, 0.319726, 1.006970, 0.000000
1.215000, 0.866822, 0.319623, 1.006965, 0.000000
1.217500, 0.867590, 0.319519, 1.006961, 0.000000
1.220000, 0.868358, 0.319413, 1.006959, 0.000000
1.222500, 0.869125, 0.319305, 1.006957, 0.000000
1.225000, 0.869892, 0.319195, 1.006957, 0.000000
1.227500, 0.870659, 0.319084, 1.006959, 0.000000
1.230000, 0.871428, 0.318970, 1.006962, 0.000000
1.232500, 0.872197, 0.318855, 1.006966, 0.000000
1.235000, 0.872968, 0.318739, 1.006970, 0.000000
1.237500, 0.873741, 0.318622, 1.006975, 0.000000
1.240000, 0.874515, 0.318506, 1.006980, 0.000000
1.242500, 0.875291, 0.318392, 1.006984, 0.000000
1.245000, 0.876068, 0.318282, 1.006987, 0.000000
1.247500, 0.876846, 0.318176, 1.006989, 0.000000
1.250000, 0.877626, 0.318076, 1.006989, 0.000000
1.252500, 0.878406, 0.317984, 1.006989, 0.000000
1.255000, 0.879188, 0.317901, 1.006989, 0.000000
1.257500, 0.879970, 0.317828, 1.006988, 0.000000
1.260000, 0.880753, 0.317767, 1.006987, 0.000000
1.262500, 0.881536, 0.317717, 1.006988, 0.000000
1.265000, 0.882321, 0.317681, 1.006990, 0.000000
1.267500, 0.883108, 0.317656, 1.006995, 0.000000
1.270000, 0.883897, 0.317643, 1.007002, 0.000000
1.272500, 0.884688, 0.317640, 1.007010, 0.000000
1.275000, 0.885482, 0.317646, 1.007019, 0.000000
1.277500, 0.886278, 0.317661, 1.007029, 0.000000
1.280000, 0.887077, 0.317683, 1.007040, 0.000000
1.282500, 0.887879, 0.317709, 1.007053, 0.000000
1.285000, 0.888684, 0.317736, 1.007065, 0.000000
1.287500, 0.889492, 0.317759, 1.007078, 0.000000
1.290000, 0.890302, 0.317776, 1.007090, 0.000000
1.292500, 0.891115, 0.317785, 1.007100, 0.000000
1.295000, 0.891929, 0.317785, 1.007110, 0.000000
1.297500, 0.892744, 0.317776, 1.007117, 0.000000
1.300000, 0.893561, 0.317755, 1.007123, 0.000000
1.302500, 0.894378, 0.317722, 1.007126, 0.000000
1.305000, 0.895195, 0.317676, 1.007128, 0.000000
1.307500, 0.896012, 0.317617, 1.007128, 0.000000
1.310000, 0.896828, 0.317547, 1.007127, 0.000000
1.312500, 0.897642, 0.317465, 1.007124, 0.000000
1.315000, 0.898456, 0.317373, 1.007119, 0.000000
1.317500, 0.899267, 0.317272, 1.007112, 0.000000
1.320000, 0.900077, 0.317164, 1.007104, 0.000000
1.322500, 0.900884, 0.317051, 1.007095, 0.000000
1.325000, 0.901688, 0.316934, 1.007085, 0.000000
1.327500, 0.902490, 0.316815, 1.007074, 0.000000
1.330000, 0.903289, 0.316695, 1.007064, 0.000000
1.332500, 0.904085, 0.316574, 1.007053, 0.000000
1.335000, 0.904878, 0.316455, 1.007043, 0.000000
1.337500, 0.905669, 0.316336, 1.007034, 0.000000
1.340000, 0.906458, 0.316221, 1.007026, 0.000000
1.342500, 0.907245, 0.316109, 1.007018, 0.000000
1.345000, 0.908030, 0.315999, 1.007011, 0.000000
1.347500, 0.908813, 0.315894, 1.007005, 0.000000
1.350000, 0.909594, 0.315793, 1.006999, 0.000000
1.352500, 0.910374, 0.315697, 1.006993, 0.000000
1.355000, 0.911152, 0.315605, 1.006987, 0.000000
1.357500, 0.911928, 0.315517, 1.006981, 0.000000
1.360000, 0.912702, 0.315431, 1.006975, 0.000000
1.362500, 0.913475, 0.315348, 1.006968, 0.000000
1.365000, 0.914245, 0.315269, 1.006960, 0.000000
1.367500, 0.915013, 0.315191, 1.006952, 0.000000
1.370000, 0.915779, 0.315113, 1.006943, 0.000000
1.372500, 0.916543, 0.315033, 1.006934, 0.000000
1.375000, 0.917304, 0.314951, 1.006924, 0.000000
1.377500, 0.918064, 0.314868, 1.006915, 0.000000
1.380000, 0.918822, 0.314783, 1.006909, 0.000000
1.382500, 0.919579, 0.314697, 1.006903, 0.000000
1.385000, 0.920334, 0.314610, 1.006899, 0.000000
1.387500, 0.921090, 0.314523, 1.006896, 0.000000
1.390000, 0.921845, 0.314436, 1.006894, 0.000000
1.392500, 0.922601, 0.314349, 1.006893, 0.000000
1.395000, 0.923357, 0.314262, 1.006894, 0.000000
1.397500, 0.924115, 0.314178, 1.006895, 0.000000
1.400000, 0.924874, 0.314095, 1.006897, 0.000000
1.402500, 0.925634, 0.314014, 1.006899, 0.000000
1.405000, 0.926395, 0.313936, 1.006900, 0.000000
1.407500, 0.927158, 0.313864, 1.006901, 0.000000
1.410000, 0.927922, 0.313799, 1.006901, 0.000000
1.412500, 0.928686, 0.313740, 1.006900, 0.000000
1.415000, 0.929451, 0.313690, 1.006898, 0.000000
1.417500, 0.930217, 0.313649, 1.006897, 0.000000
1.420000, 0.930983, 0.313617, 1.006897, 0.000000
1.422500, 0.931751, 0.313595, 1.006898, 0.000000
1.425000, 0.932519, 0.313580, 1.006899, 0.000000
1.427500, 0.933288, 0.313574, 1.006902, 0.000000
1.430000, 0.934059, 0.313574, 1.006907, 0.000000
1.432500, 0.934832, 0.313582, 1.006915, 0.000000
1.435000, 0.935607, 0.313595, 1.006924, 0.000000
1.437500, 0.936385, 0.313614, 1.006934, 0.000000
1.440000, 0.937166, 0.313636, 1.006947, 0.000000
1.442500, 0.937950, 0.313662, 1.006960, 0.000000
1.445000, 0.938737, 0.313688, 1.006975, 0.000000
1.447500, 0.939528, 0.313712, 1.006990, 0.000000
1.450000, 0.940321, 0.313730, 1.007005, 0.000000
1.452500, 0.941118, 0.313740, 1.007019, 0.000000
1.455000, 0.941917, 0.313738, 1.007033, 0.000000
1.457500, 0.942719, 0.313726, 1.007044, 0.000000
1.460000, 0.943523, 0.313705, 1.007054, 0.000000
1.462500, 0.944328, 0.313672, 1.007062, 0.000000
1.465000, 0.945133, 0.313630, 1.007068, 0.000000
1.467500, 0.945940, 0.313579, 1.007072, 0.000000
1.470000, 0.946746, 0.313517, 1.007073, 0.000000
1.472500, 0.947552, 0.313448, 1.007074, 0.000000
1.475000, 0.948357, 0.313371, 1.007072, 0.000000
1.477500, 0.949161, 0.313288, 1.007069, 0.000000
1.480000, 0.949964, 0.313199, 1.007063, 0.000000
1.482500, 0.950765, 0.313105, 1.007056, 0.000000
1.485000, 0.951563, 0.313005, 1.007048, 0.000000
1.487500, 0.952360, 0.312903, 1.007038, 0.000000
1.490000, 0.953154, 0.312798, 1.007029, 0.000000
1.492500, 0.953946, 0.312691, 1.007019, 0.000000
1.495000, 0.954735, 0.312586, 1.007009, 0.000000
1.497500, 0.955522, 0.312482, 1.007000, 0.000000
1.500000, 0.956306, 0.312380, 1.006991, 0.000000
1.502500, 0.957089, 0.312281, 1.006983, 0.000000
1.505000, 0.957870, 0.312185, 1.006977, 0.000000
1.507500, 0.958649, 0.312092, 1.006971, 0.000000
1.510000, 0.959426, 0.312005, 1.006965, 0.000000
1.512500, 0.960202, 0.311921, 1.006960, 0.000000
1.515000, 0.960976, 0.311842, 1.006954, 0.000000
1.517500, 0.961749, 0.311768, 1.006948, 0.000000
1.520000, 0.962520, 0.311699, 1.006942, 0.000000
1.522500, 0.963289, 0.311631, 1.006935, 0.000000
1.525000, 0.964057, 0.311565, 1.006928, 0.000000
1.527500, 0.964822, 0.311502, 1.006920, 0.000000
1.530000, 0.965585, 0.311443, 1.006912, 0.000000
1.532500, 0.966346, 0.311383, 1.006903, 0.000000
1.535000, 0.967104, 0.311323, 1.006893, 0.000000
1.537500, 0.967860, 0.311263, 1.006883, 0.000000
1.540000, 0.968614, 0.311200, 1.006872, 0.000000
1.542500, 0.969365, 0.311138, 1.006863, 0.000000
1.545000, 0.970114, 0.311075, 1.006856, 0.000000
1.547500, 0.970862, 0.311012, 1.006850, 0.000000
1.550000, 0.971609, 0.310952, 1.006845, 0.000000
1.552500, 0.972355, 0.310892, 1.006840, 0.000000
1.555000, 0.973101, 0.310834, 1.006838, 0.000000
1.557500, 0.973848, 0.310779, 1.006836, 0.000000
1.560000, 0.974594, 0.310726, 1.006836, 0.000000
1.562500, 0.975342, 0.310677, 1.006836, 0.000000
1.565000, 0.976090, 0.310631, 1.006837, 0.000000
1.567500, 0.976840, 0.310588, 1.006837, 0.000000
1.570000, 0.977590, 0.310549, 1.006838, 0.000000
1.572500, 0.978342, 0.310516, 1.006838, 0.000000
1.575000, 0.979094, 0.310487, 1.006837, 0.000000
1.577500, 0.979847, 0.310465, 1.006836, 0.000000
1.580000, 0.980600, 0.310448, 1.006835, 0.000000
1.582500, 0.981354, 0.310437, 1.006835, 0.000000
1.585000, 0.982110, 0.310432, 1.006836, 0.000000
1.587500, 0.982866, 0.310433, 1.006837, 0.000000
1.590000, 0.983623, 0.310438, 1.006840, 0.000000
1.592500, 0.984381, 0.310448, 1.006843, 0.000000
1.595000, 0.985141, 0.310461, 1.006850, 0.000000
1.597500, 0.985903, 0.310480, 1.006858, 0.000000
1.600000, 0.986668, 0.310499, 1.006868, 0.000000
1.602500, 0.987436, 0.310521, 1.006880, 0.000000
1.605000, 0.988207, 0.310543, 1.006894, 0.000000
1.607500, 0.988981, 0.310564, 1.006909, 0.000000
1.610000, 0.989760, 0.310583, 1.006925, 0.000000
1.612500, 0.990541, 0.310595, 1.006941, 0.000000
1.615000, 0.991326, 0.310601, 1.006956, 0.000000
1.617500, 0.992114, 0.310597, 1.006971, 0.000000
1.620000, 0.992905, 0.310584, 1.006984, 0.000000
1.622500, 0.993699, 0.310562, 1.006996, 0.000000
1.625000, 0.994495, 0.310533, 1.007005, 0.000000
1.627500, 0.995292, 0.310495, 1.007012, 0.000000
1.630000, 0.996090, 0.310449, 1.007017, 0.000000
1.632500, 0.996889, 0.310398, 1.007020, 0.000000
1.635000, 0.997688, 0.310339, 1.007021, 0.000000
1.637500, 0.998487, 0.310272, 1.007021, 0.000000
1.640000, 0.999286, 0.310199, 1.007019, 0.000000
1.642500, 1.000083, 0.310118, 1.007016, 0.000000
1.645000, 1.000879, 0.310033, 1.007010, 0.000000
1.647500, 1.001673, 0.309942, 1.007003, 0.000000
1.650000, 1.002466, 0.309849, 1.006995, 0.000000
1.652500, 1.003256, 0.309754, 1.006988, 0.000000
1.655000, 1.004044, 0.309657, 1.006980, 0.000000
1.657500, 1.004830, 0.309560, 1.006971, 0.000000
1.660000, 1.005614, 0.309467, 1.006962, 0.000000
1.662500, 1.006395, 0.309375, 1.006953, 0.000000
1.665000, 1.007175, 0.309286, 1.006945, 0.000000
1.667500, 1.007952, 0.309203, 1.006939, 0.000000
1.670000, 1.008728, 0.309122, 1.006934, 0.000000
1.672500, 1.009502, 0.309046, 1.006929, 0.000000
1.675000, 1.010275, 0.308973, 1.006924, 0.000000
1.677500, 1.011046, 0.308906, 1.006919, 0.000000
1.680000, 1.011815, 0.308843, 1.006914, 0.000000
1.682500, 1.012583, 0.308785, 1.006909, 0.000000
1.685000, 1.013349, 0.308733, 1.006903, 0.000000
1.687500, 1.014114, 0.308684, 1.006897, 0.000000
1.690000, 1.014876, 0.308637, 1.006890, 0.000000
1.692500, 1.015636, 0.308593, 1.006882, 0.000000
1.695000, 1.016394, 0.308551, 1.006873, 0.000000
1.697500, 1.017149, 0.308511, 1.006864, 0.000000
1.700000, 1.017901, 0.308471, 1.006855, 0.000000
1.702500, 1.018651, 0.308432, 1.006844, 0.000000
1.705000, 1.019398, 0.308393, 1.006834, 0.000000
1.707500, 1.020142, 0.308354, 1.006825, 0.000000
1.710000, 1.020885, 0.308316, 1.006817, 0.000000
1.712500, 1.021626, 0.308279, 1.006810, 0.000000
1.715000, 1.022365, 0.308244, 1.006804, 0.000000
1.717500, 1.023104, 0.308212, 1.006799, 0.000000
1.720000, 1.023842, 0.308182, 1.006796, 0.000000
1.722500, 1.024581, 0.308157, 1.006794, 0.000000
1.725000, 1.025319, 0.308133, 1.006792, 0.000000
1.727500, 1.026058, 0.308112, 1.006791, 0.000000
1.730000, 1.026798, 0.308094, 1.006791, 0.000000
1.732500, 1.027538, 0.308078, 1.006791, 0.000000
1.735000, 1.028280, 0.308067, 1.006791, 0.000000
1.737500, 1.029022, 0.308057, 1.006790, 0.000000
1.740000, 1.029765, 0.308052, 1.006789, 0.000000
1.742500, 1.030508, 0.308049, 1.006787, 0.000000
1.745000, 1.031252, 0.308052, 1.006786, 0.000000
1.747500, 1.031997, 0.308059, 1.006786, 0.000000
1.750000, 1.032743, 0.308070, 1.006786, 0.000000
1.752500, 1.033490, 0.308084, 1.006788, 0.000000
1.755000, 1.034239, 0.308100, 1.006790, 0.000000
1.757500, 1.034988, 0.308118, 1.006793, 0.000000
1.760000, 1.035740, 0.308138, 1.006799, 0.000000
1.762500, 1.036493, 0.308160, 1.006807, 0.000000
1.765000, 1.037250, 0.308180, 1.006817, 0.000000
1.767500, 1.038010, 0.308199, 1.006830, 0.000000
1.770000, 1.038773, 0.308217, 1.006844, 0.000000
1.772500, 1.039540, 0.308233, 1.006859, 0.000000
1.775000, 1.040311, 0.308245, 1.006875, 0.000000
1.777500, 1.041086, 0.308253, 1.006891, 0.000000
1.780000, 1.041865, 0.308254, 1.006906, 0.000000
1.782500, 1.042647, 0.308246, 1.006921, 0.000000
1.785000, 1.043432, 0.308229, 1.006934, 0.000000
1.787500, 1.044220, 0.308207, 1.006946, 0.000000
1.790000, 1.045010, 0.308177, 1.006955, 0.000000
1.792500, 1.045802, 0.308141, 1.006963, 0.000000
1.795000, 1.046596, 0.308097, 1.006968, 0.000000
1.797500, 1.047390, 0.308045, 1.006972, 0.000000
1.800000, 1.048184, 0.307986, 1.006974, 0.000000
1.802500, 1.048979, 0.307920, 1.006975, 0.000000
1.805000, 1.049773, 0.307848, 1.006974, 0.000000
1.807500, 1.050566, 0.307771, 1.006972, 0.000000
1.810000, 1.051358, 0.307688, 1.006967, 0.000000
1.812500, 1.052149, 0.307602, 1.006961, 0.000000
1.815000, 1.052937, 0.307514, 1.006954, 0.000000
1.817500, 1.053724, 0.307425, 1.006947, 0.000000
1.820000, 1.054508, 0.307337, 1.006940, 0.000000
1.822500, 1.055291, 0.307250, 1.006932, 0.000000
1.825000, 1.056071, 0.307167, 1.006923, 0.000000
1.827500, 1.056849, 0.307087, 1.006915, 0.000000
1.830000, 1.057624, 0.307011, 1.006909, 0.000000
1.832500, 1.058398, 0.306938, 1.006904, 0.000000
1.835000, 1.059171, 0.306869, 1.006899, 0.000000
1.837500, 1.059942, 0.306805, 1.006895, 0.000000
1.840000, 1.060711, 0.306746, 1.006891, 0.000000
1.842500, 1.061479, 0.306694, 1.006887, 0.000000
1.845000, 1.062245, 0.306646, 1.006883, 0.000000
1.847500, 1.063009, 0.306604, 1.006879, 0.000000
1.850000, 1.063772, 0.306567, 1.006874, 0.000000
1.852500, 1.064533, 0.306534, 1.006869, 0.000000
1.855000, 1.065291, 0.306505, 1.006863, 0.000000
1.857500, 1.066047, 0.306480, 1.006856, 0.000000
1.860000, 1.066801, 0.306456, 1.006849, 0.000000
1.862500, 1.067552, 0.306436, 1.006840, 0.000000
1.865000, 1.068301, 0.306417, 1.006831, 0.000000
1.867500, 1.069046, 0.306398, 1.006820, 0.000000
1.870000, 1.069789, 0.306379, 1.006809, 0.000000
1.872500, 1.070529, 0.306360, 1.006799, 0.000000
1.875000, 1.071266, 0.306344, 1.006790, 0.000000
1.877500, 1.072002, 0.306329, 1.006783, 0.000000
1.880000, 1.072736, 0.306317, 1.006776, 0.000000
1.882500, 1.073469, 0.306307, 1.006771, 0.000000
1.885000, 1.074201, 0.306299, 1.006766, 0.000000
1.887500, 1.074933, 0.306295, 1.006762, 0.000000
1.890000, 1.075664, 0.306293, 1.006760, 0.000000
1.892500, 1.076396, 0.306292, 1.006758, 0.000000
1.895000, 1.077129, 0.306294, 1.006757, 0.000000
1.897500, 1.077862, 0.306298, 1.006756, 0.000000
1.900000, 1.078597, 0.306303, 1.006754, 0.000000
1.902500, 1.079332, 0.306311, 1.006752, 0.000000
1.905000, 1.080067, 0.306322, 1.006751, 0.000000
1.907500, 1.080804, 0.306335, 1.006748, 0.000000
1.910000, 1.081541, 0.306350, 1.006746, 0.000000
1.912500, 1.082279, 0.306369, 1.006745, 0.000000
1.915000, 1.083018, 0.306390, 1.006745, 0.000000
1.917500, 1.083759, 0.306412, 1.006746, 0.000000
1.920000, 1.084500, 0.306434, 1.006748, 0.000000
1.922500, 1.085243, 0.306457, 1.006750, 0.000000
1.925000, 1.085988, 0.306478, 1.006754, 0.000000
1.927500, 1.086735, 0.306500, 1.006761, 0.000000
1.930000, 1.087486, 0.306519, 1.006771, 0.000000
1.932500, 1.088239, 0.306537, 1.006783, 0.000000
1.935000, 1.088997, 0.306551, 1.006797, 0.000000
1.937500, 1.089758, 0.306564, 1.006812, 0.000000
1.940000, 1.090523, 0.306573, 1.006828, 0.000000
1.942500, 1.091293, 0.306579, 1.006844, 0.000000
1.945000, 1.092066, 0.306579, 1.006860, 0.000000
1.947500, 1.092843, 0.306571, 1.006875, 0.000000
1.950000, 1.093623, 0.306555, 1.006889, 0.000000
1.952500, 1.094407, 0.306534, 1.006902, 0.000000
1.955000, 1.095193, 0.306505, 1.006913, 0.000000
1.957500, 1.095981, 0.306469, 1.006922, 0.000000
1.960000, 1.096771, 0.306426, 1.006929, 0.000000
1.962500, 1.097562, 0.306375, 1.006934, 0.000000
1.965000, 1.098353, 0.306318, 1.006938, 0.000000
1.967500, 1.099145, 0.306255, 1.006940, 0.000000
1.970000, 1.099936, 0.306185, 1.006940, 0.000000
1.972500, 1.100727, 0.306111, 1.006938, 0.000000
1.975000, 1.101516, 0.306033, 1.006935, 0.000000
1.977500, 1.102304, 0.305952, 1.006929, 0.000000
1.980000, 1.103090, 0.305871, 1.006923, 0.000000
1.982500, 1.103874, 0.305790, 1.006917, 0.000000
1.985000, 1.104657, 0.305708, 1.006910, 0.000000
1.987500, 1.105437, 0.305630, 1.006902, 0.000000
1.990000, 1.106214, 0.305556, 1.006894, 0.000000
1.992500, 1.106990, 0.305486, 1.006887, 0.000000
1.995000, 1.107763, 0.305418, 1.006881, 0.000000
1.997500, 1.108535, 0.305354, 1.006876, 0.000000
2.000000, 1.109305, 0.305295, 1.006873, 0.000000
2.002500, 1.110073, 0.305240, 1.006869, 0.000000
2.005000, 1.110840, 0.305192, 1.006866, 0.000000
2.007500, 1.111606, 0.305151, 1.006863, 0.000000
2.010000, 1.112370, 0.305115, 1.006860, 0.000000
2.012500, 1.113132, 0.305086, 1.006857, 0.000000
2.015000, 1.113892, 0.305062, 1.006853, 0.000000
2.017500, 1.114650, 0.305044, 1.006849, 0.000000
2.020000, 1.115407, 0.305031, 1.006844, 0.000000
2.022500, 1.116161, 0.305021, 1.006838, 0.000000
2.025000, 1.116912, 0.305015, 1.006831, 0.000000
2.027500, 1.117661, 0.305012, 1.006822, 0.000000
2.030000, 1.118406, 0.305009, 1.006813, 0.000000
2.032500, 1.119149, 0.305007, 1.006802, 0.000000
2.035000, 1.119889, 0.305006, 1.006791, 0.000000
2.037500, 1.120626, 0.305005, 1.006780, 0.000000
2.040000, 1.121360, 0.305006, 1.006770, 0.000000
2.042500, 1.122091, 0.305009, 1.006762, 0.000000
2.045000, 1.122821, 0.305014, 1.006755, 0.000000
2.047500, 1.123550, 0.305020, 1.006748, 0.000000
2.050000, 1.124277, 0.305029, 1.006742, 0.000000
2.052500, 1.125004, 0.305040, 1.006737, 0.000000
2.055000, 1.125730, 0.305054, 1.006733, 0.000000
2.057500, 1.126456, 0.305068, 1.006729, 0.000000
2.060000, 1.127183, 0.305085, 1.006727, 0.000000
2.062500, 1.127910, 0.305102, 1.006725, 0.000000
2.065000, 1.128638, 0.305120, 1.006723, 0.000000
2.067500, 1.129367, 0.305140, 1.006721, 0.000000
2.070000, 1.130097, 0.305161, 1.006718, 0.000000
2.072500, 1.130828, 0.305183, 1.006716, 0.000000
2.075000, 1.131559, 0.305207, 1.006713, 0.000000
2.077500, 1.132291, 0.305232, 1.006712, 0.000000
2.080000, 1.133025, 0.305259, 1.006711, 0.000000
2.082500, 1.133759, 0.305284, 1.006711, 0.000000
2.085000, 1.134495, 0.305310, 1.006712, 0.000000
2.087500, 1.135233, 0.305334, 1.006714, 0.000000
2.090000, 1.135972, 0.305357, 1.006717, 0.000000
2.092500, 1.136714, 0.305379, 1.006723, 0.000000
2.095000, 1.137458, 0.305398, 1.006732, 0.000000
2.097500, 1.138206, 0.305415, 1.006743, 0.000000
2.100000, 1.138957, 0.305428, 1.006756, 0.000000
2.102500, 1.139713, 0.305439, 1.006771, 0.000000
2.105000, 1.140473, 0.305448, 1.006787, 0.000000
2.107500, 1.141237, 0.305454, 1.006804, 0.000000
2.110000, 1.142005, 0.305454, 1.006820, 0.000000
2.112500, 1.142777, 0.305448, 1.006836, 0.000000
2.115000, 1.143553, 0.305434, 1.006851, 0.000000
2.117500, 1.144332, 0.305414, 1.006865, 0.000000
2.120000, 1.145114, 0.305387, 1.006878, 0.000000
2.122500, 1.145899, 0.305353, 1.006888, 0.000000
2.125000, 1.146686, 0.305311, 1.006897, 0.000000
2.127500, 1.147474, 0.305262, 1.006904, 0.000000
2.130000, 1.148262, 0.305208, 1.006908, 0.000000
2.132500, 1.149052, 0.305148, 1.006911, 0.000000
2.135000, 1.149841, 0.305083, 1.006913, 0.000000
2.137500, 1.150629, 0.305013, 1.006912, 0.000000
2.140000, 1.151417, 0.304940, 1.006910, 0.000000
2.142500, 1.152203, 0.304864, 1.006905, 0.000000
2.145000, 1.152988, 0.304788, 1.006900, 0.000000
2.147500, 1.153771, 0.304712, 1.006894, 0.000000
2.150000, 1.154551, 0.304637, 1.006888, 0.000000
2.152500, 1.155330, 0.304565, 1.006881, 0.000000
2.155000, 1.156107, 0.304496, 1.006874, 0.000000
2.157500, 1.156881, 0.304431, 1.006867, 0.000000
2.160000, 1.157653, 0.304369, 1.006861, 0.000000
2.162500, 1.158423, 0.304312, 1.006857, 0.000000
2.165000, 1.159192, 0.304259, 1.006853, 0.000000
2.167500, 1.159959, 0.304212, 1.006851, 0.000000
2.170000, 1.160724, 0.304171, 1.006848, 0.000000
2.172500, 1.161488, 0.304138, 1.006846, 0.000000
2.175000, 1.162250, 0.304112, 1.006844, 0.000000
2.177500, 1.163011, 0.304092, 1.006841, 0.000000
2.180000, 1.163770, 0.304079, 1.006838, 0.000000
2.182500, 1.164527, 0.304072, 1.006835, 0.000000
2.185000, 1.165282, 0.304070, 1.006830, 0.000000
2.187500, 1.166035, 0.304073, 1.006824, 0.000000
2.190000, 1.166785, 0.304079, 1.006817, 0.000000
2.192500, 1.167532, 0.304088, 1.006810, 0.000000
2.195000, 1.168277, 0.304099, 1.006801, 0.000000
2.197500, 1.169019, 0.304110, 1.006791, 0.000000
2.200000, 1.169757, 0.304123, 1.006780, 0.000000
2.202500, 1.170492, 0.304136, 1.006768, 0.000000
2.205000, 1.171225, 0.304150, 1.006757, 0.000000
2.207500, 1.171954, 0.304165, 1.006748, 0.000000
2.210000, 1.172682, 0.304182, 1.006739, 0.000000
2.212500, 1.173407, 0.304201, 1.006732, 0.000000
2.215000, 1.174132, 0.304221, 1.006725, 0.000000
2.217500, 1.174855, 0.304244, 1.006718, 0.000000
2.220000, 1.175577, 0.304268, 1.006712, 0.000000
2.222500, 1.176299, 0.304294, 1.006708, 0.000000
2.225000, 1.177022, 0.304321, 1.006704, 0.000000
2.227500, 1.177744, 0.304347, 1.006702, 0.000000
2.230000, 1.178468, 0.304375, 1.006699, 0.000000
2.232500, 1.179192, 0.304402, 1.006696, 0.000000
2.235000, 1.179917, 0.304430, 1.006694, 0.000000
2.237500, 1.180643, 0.304459, 1.006691, 0.000000
2.240000, 1.181370, 0.304487, 1.006689, 0.000000
2.242500, 1.182098, 0.304517, 1.006686, 0.000000
2.245000, 1.182827, 0.304546, 1.006685, 0.000000
2.247500, 1.183557, 0.304576, 1.006685, 0.000000
2.250000, 1.184289, 0.304605, 1.006685, 0.000000
2.252500, 1.185022, 0.304632, 1.006686, 0.000000
2.255000, 1.185757, 0.304657, 1.006689, 0.000000
2.257500, 1.186494, 0.304680, 1.006693, 0.000000
2.260000, 1.187233, 0.304701, 1.006700, 0.000000
2.262500, 1.187976, 0.304720, 1.006710, 0.000000
2.265000, 1.188722, 0.304734, 1.006723, 0.000000
2.267500, 1.189472, 0.304747, 1.006737, 0.000000
2.270000, 1.190227, 0.304756, 1.006753, 0.000000
2.272500, 1.190985, 0.304763, 1.006770, 0.000000
2.275000, 1.191749, 0.304765, 1.006788, 0.000000
2.277500, 1.192516, 0.304761, 1.006804, 0.000000
2.280000, 1.193288, 0.304750, 1.006820, 0.000000
2.282500, 1.194063, 0.304731, 1.006835, 0.000000
2.285000, 1.194841, 0.304707, 1.006848, 0.000000
2.287500, 1.195623, 0.304676, 1.006860, 0.000000
2.290000, 1.196406, 0.304637, 1.006871, 0.000000
2.292500, 1.197192, 0.304593, 1.006879, 0.000000
2.295000, 1.197978, 0.304542, 1.006885, 0.000000
2.297500, 1.198765, 0.304485, 1.006889, 0.000000
2.300000, 1.199552, 0.304424, 1.006891, 0.000000
2.302500, 1.200340, 0.304359, 1.006892, 0.000000
2.305000, 1.201126, 0.304289, 1.006891, 0.000000
2.307500, 1.201911, 0.304218, 1.006888, 0.000000
2.310000, 1.202695, 0.304145, 1.006883, 0.000000
2.312500, 1.203477, 0.304073, 1.006878, 0.000000
2.315000, 1.204257, 0.304001, 1.006872, 0.000000
2.317500, 1.205036, 0.303932, 1.006866, 0.000000
2.320000, 1.205812, 0.303866, 1.006860, 0.000000
2.322500, 1.206585, 0.303804, 1.006853, 0.000000
2.325000, 1.207357, 0.303745, 1.006847, 0.000000
2.327500, 1.208126, 0.303691, 1.006843, 0.000000
2.330000, 1.208894, 0.303643, 1.006839, 0.000000
2.332500, 1.209660, 0.303600, 1.006837, 0.000000
2.335000, 1.210424, 0.303563, 1.006835, 0.000000
2.337500, 1.211187, 0.303534, 1.006833, 0.000000
2.340000, 1.211949, 0.303512, 1.006831, 0.000000
2.342500, 1.212708, 0.303497, 1.006829, 0.000000
2.345000, 1.213466, 0.303490, 1.006826, 0.000000
2.347500, 1.214223, 0.303490, 1.006823, 0.000000
2.350000, 1.214977, 0.303497, 1.006819, 0.000000
2.352500, 1.215729, 0.303508, 1.006815, 0.000000
2.355000, 1.216479, 0.303522, 1.006809, 0.000000
2.357500, 1.217226, 0.303539, 1.006802, 0.000000
2.360000, 1.217971, 0.303559, 1.006793, 0.000000
2.362500, 1.218712, 0.303582, 1.006784, 0.000000
2.365000, 1.219450, 0.303605, 1.006773, 0.000000
2.367500, 1.220185, 0.303627, 1.006762, 0.000000
2.370000, 1.220917, 0.303651, 1.006750, 0.000000
2.372500, 1.221646, 0.303675, 1.006739, 0.000000
2.375000, 1.222372, 0.303702, 1.006728, 0.000000
2.377500, 1.223096, 0.303729, 1.006720, 0.000000
2.380000, 1.223818, 0.303758, 1.006712, 0.000000
2.382500, 1.224538, 0.303788, 1.006704, 0.000000
2.385000, 1.225258, 0.303820, 1.006697, 0.000000
2.387500, 1.225977, 0.303853, 1.006692, 0.000000
2.390000, 1.226696, 0.303886, 1.006687, 0.000000
2.392500, 1.227415, 0.303919, 1.006684, 0.000000
2.395000, 1.228134, 0.303952, 1.006681, 0.000000
2.397500, 1.228854, 0.303984, 1.006678, 0.000000
2.400000, 1.229575, 0.304017, 1.006675, 0.000000
2.402500, 1.230297, 0.304049, 1.006672, 0.000000
2.405000, 1.231020, 0.304081, 1.006670, 0.000000
2.407500, 1.231744, 0.304112, 1.006667, 0.000000
2.410000, 1.232469, 0.304144, 1.006665, 0.000000
2.412500, 1.233195, 0.304176, 1.006664, 0.000000
2.415000, 1.233923, 0.304207, 1.006664, 0.000000
2.417500, 1.234651, 0.304237, 1.006665, 0.000000
2.420000, 1.235382, 0.304266, 1.006667, 0.000000
2.422500, 1.236114, 0.304292, 1.006669, 0.000000
2.425000, 1.236849, 0.304316, 1.006675, 0.000000
2.427500, 1.237586, 0.304337, 1.006683, 0.000000
2.430000, 1.238327, 0.304355, 1.006694, 0.000000
2.432500, 1.239072, 0.304369, 1.006707, 0.000000
2.435000, 1.239821, 0.304381, 1.006722, 0.000000
2.437500, 1.240574, 0.304389, 1.006738, 0.000000
2.440000, 1.241331, 0.304394, 1.006755, 0.000000
2.442500, 1.242093, 0.304394, 1.006772, 0.000000
2.445000, 1.242859, 0.304386, 1.006789, 0.000000
2.447500, 1.243629, 0.304371, 1.006805, 0.000000
2.450000, 1.244403, 0.304349, 1.006821, 0.000000
2.452500, 1.245180, 0.304321, 1.006834, 0.000000
2.455000, 1.245960, 0.304286, 1.006847, 0.000000
2.457500, 1.246742, 0.304245, 1.006857, 0.000000
2.460000, 1.247526, 0.304198, 1.006865, 0.000000
2.462500, 1.248311, 0.304145, 1.006871, 0.000000
2.465000, 1.249097, 0.304088, 1.006874, 0.000000
2.467500, 1.249882, 0.304026, 1.006877, 0.000000
2.470000, 1.250668, 0.303960, 1.006878, 0.000000
2.472500, 1.251452, 0.303890, 1.006876, 0.000000
2.475000, 1.252236, 0.303820, 1.006873, 0.000000
2.477500, 1.253018, 0.303749, 1.006868, 0.000000
2.480000, 1.253798, 0.303679, 1.006863, 0.000000
2.482500, 1.254576, 0.303610, 1.006858, 0.000000
2.485000, 1.255352, 0.303545, 1.006852, 0.000000
2.487500, 1.256126, 0.303483, 1.006846, 0.000000
2.490000, 1.256898, 0.303425, 1.006840, 0.000000
2.492500, 1.257667, 0.303372, 1.006834, 0.000000
2.495000, 1.258435, 0.303324, 1.006830, 0.000000
2.497500, 1.259200, 0.303281, 1.006827, 0.000000
2.500000, 1.259965, 0.303245, 1.006825, 0.000000
2.502500, 1.260727, 0.303216, 1.006823, 0.000000
2.505000, 1.261488, 0.303194, 1.006822, 0.000000
2.507500, 1.262247, 0.303181, 1.006820, 0.000000
2.510000, 1.263005, 0.303175, 1.006818, 0.000000
2.512500, 1.263761, 0.303177, 1.006816, 0.000000
2.515000, 1.264516, 0.303186, 1.006813, 0.000000
2.517500, 1.265268, 0.303201, 1.006809, 0.000000
2.520000, 1.266018, 0.303220, 1.006804, 0.000000
2.522500, 1.266765, 0.303242, 1.006798, 0.000000
2.525000, 1.267510, 0.303268, 1.006791, 0.000000
2.527500, 1.268252, 0.303296, 1.006782, 0.000000
2.530000, 1.268992, 0.303325, 1.006772, 0.000000
2.532500, 1.269727, 0.303355, 1.006761, 0.000000
2.535000, 1.270460, 0.303385, 1.006749, 0.000000
2.537500, 1.271189, 0.303416, 1.006737, 0.000000
2.540000, 1.271915, 0.303448, 1.006726, 0.000000
2.542500, 1.272639, 0.303481, 1.006716, 0.000000
2.545000, 1.273361, 0.303515, 1.006707, 0.000000
2.547500, 1.274080, 0.303550, 1.006699, 0.000000
2.550000, 1.274799, 0.303586, 1.006691, 0.000000
2.552500, 1.275516, 0.303623, 1.006683, 0.000000
2.555000, 1.276232, 0.303661, 1.006678, 0.000000
2.557500, 1.276949, 0.303698, 1.006673, 0.000000
2.560000, 1.277665, 0.303735, 1.006669, 0.000000
2.562500, 1.278382, 0.303771, 1.006666, 0.000000
2.565000, 1.279100, 0.303807, 1.006663, 0.000000
2.567500, 1.279819, 0.303842, 1.006660, 0.000000
2.570000, 1.280539, 0.303876, 1.006658, 0.000000
2.572500, 1.281260, 0.303909, 1.006655, 0.000000
2.575000, 1.281982, 0.303942, 1.006653, 0.000000
2.577500, 1.282704, 0.303975, 1.006651, 0.000000
2.580000, 1.283429, 0.304009, 1.006649, 0.000000
2.582500, 1.284154, 0.304041, 1.006650, 0.000000
2.585000, 1.284881, 0.304072, 1.006651, 0.000000
2.587500, 1.285610, 0.304101, 1.006653, 0.000000
2.590000, 1.286341, 0.304128, 1.006656, 0.000000
2.592500, 1.287074, 0.304153, 1.006662, 0.000000
2.595000, 1.287809, 0.304175, 1.006670, 0.000000
2.597500, 1.288549, 0.304194, 1.006683, 0.000000
2.600000, 1.289292, 0.304208, 1.006698, 0.000000
2.602500, 1.290040, 0.304219, 1.006712, 0.000000
2.605000, 1.290792, 0.304227, 1.006728, 0.000000
2.607500, 1.291549, 0.304230, 1.006745, 0.000000
2.610000, 1.292310, 0.304227, 1.006762, 0.000000
2.612500, 1.293075, 0.304217, 1.006779, 0.000000
2.615000, 1.293844, 0.304199, 1.006795, 0.000000
2.617500, 1.294617, 0.304174, 1.006810, 0.000000
2.620000, 1.295393, 0.304143, 1.006823, 0.000000
2.622500, 1.296171, 0.304106, 1.006835, 0.000000
2.625000, 1.296952, 0.304063, 1.006845, 0.000000
2.627500, 1.297735, 0.304014, 1.006853, 0.000000
2.630000, 1.298518, 0.303960, 1.006859, 0.000000
2.632500, 1.299302, 0.303901, 1.006863, 0.000000
2.635000, 1.300087, 0.303838, 1.006865, 0.000000
2.637500, 1.300870, 0.303771, 1.006866, 0.000000
2.640000, 1.301654, 0.303701, 1.006864, 0.000000
2.642500, 1.302435, 0.303631, 1.006861, 0.000000
2.645000, 1.303216, 0.303560, 1.006856, 0.000000
2.647500, 1.303994, 0.303491, 1.006851, 0.000000
2.650000, 1.304770, 0.303424, 1.006846, 0.000000
2.652500, 1.305545, 0.303361, 1.006840, 0.000000
2.655000, 1.306317, 0.303302, 1.006835, 0.000000
2.657500, 1.307087, 0.303246, 1.006829, 0.000000
2.660000, 1.307855, 0.303195, 1.006824, 0.000000
2.662500, 1.308620, 0.303151, 1.006820, 0.000000
2.665000, 1.309384, 0.303112, 1.006818, 0.000000
2.667500, 1.310147, 0.303080, 1.006816, 0.000000
2.670000, 1.310908, 0.303055, 1.006814, 0.000000
2.672500, 1.311667, 0.303039, 1.006813, 0.000000
2.675000, 1.312424, 0.303030, 1.006811, 0.000000
2.677500, 1.313181, 0.303030, 1.006810, 0.000000
2.680000, 1.313935, 0.303037, 1.006807, 0.000000
2.682500, 1.314687, 0.303052, 1.006804, 0.000000
2.685000, 1.315438, 0.303071, 1.006801, 0.000000
2.687500, 1.316186, 0.303095, 1.006796, 0.000000
2.690000, 1.316932, 0.303121, 1.006790, 0.000000
2.692500, 1.317676, 0.303152, 1.006783, 0.000000
2.695000, 1.318416, 0.303185, 1.006775, 0.000000
2.697500, 1.319153, 0.303219, 1.006765, 0.000000
2.700000, 1.319888, 0.303253, 1.006754, 0.000000
2.702500, 1.320618, 0.303287, 1.006742, 0.000000
2.705000, 1.321346, 0.303322, 1.006729, 0.000000
2.707500, 1.322070, 0.303358, 1.006717, 0.000000
2.710000, 1.322792, 0.303394, 1.006707, 0.000000
2.712500, 1.323511, 0.303431, 1.006697, 0.000000
2.715000, 1.324229, 0.303470, 1.006689, 0.000000
2.717500, 1.324945, 0.303509, 1.006681, 0.000000
2.720000, 1.325660, 0.303548, 1.006673, 0.000000
2.722500, 1.326374, 0.303588, 1.006667, 0.000000
2.725000, 1.327088, 0.303628, 1.006661, 0.000000
2.727500, 1.327803, 0.303666, 1.006657, 0.000000
2.730000, 1.328517, 0.303703, 1.006654, 0.000000
2.732500, 1.329233, 0.303739, 1.006651, 0.000000
2.735000, 1.329949, 0.303774, 1.006648, 0.000000
2.737500, 1.330666, 0.303808, 1.006645, 0.000000
2.740000, 1.331385, 0.303841, 1.006642, 0.000000
2.742500, 1.332104, 0.303874, 1.006640, 0.000000
2.745000, 1.332824, 0.303907, 1.006637, 0.000000
2.747500, 1.333546, 0.303940, 1.006636, 0.000000
2.750000, 1.334269, 0.303972, 1.006636, 0.000000
2.752500, 1.334994, 0.304003, 1.006637, 0.000000
2.755000, 1.335720, 0.304032, 1.006639, 0.000000
2.757500, 1.336449, 0.304060, 1.006642, 0.000000
2.760000, 1.337179, 0.304086, 1.006648, 0.000000
2.762500, 1.337913, 0.304108, 1.006656, 0.000000
2.765000, 1.338650, 0.304127, 1.006667, 0.000000
2.767500, 1.339390, 0.304143, 1.006681, 0.000000
2.770000, 1.340135, 0.304154, 1.006696, 0.000000
2.772500, 1.340885, 0.304161, 1.006713, 0.000000
2.775000, 1.341639, 0.304163, 1.006730, 0.000000
2.777500, 1.342397, 0.304158, 1.006748, 0.000000
2.780000, 1.343160, 0.304145, 1.006765, 0.000000
2.782500, 1.343927, 0.304124, 1.006782, 0.000000
2.785000, 1.344697, 0.304096, 1.006797, 0.000000
2.787500, 1.345471, 0.304062, 1.006811, 0.000000
2.790000, 1.346248, 0.304022, 1.006824, 0.000000
2.792500, 1.347027, 0.303977, 1.006834, 0.000000
2.795000, 1.347808, 0.303925, 1.006843, 0.000000
2.797500, 1.348589, 0.303869, 1.006849, 0.000000
2.800000, 1.349372, 0.303807, 1.006853, 0.000000
2.802500, 1.350154, 0.303742, 1.006855, 0.000000
2.805000, 1.350937, 0.303673, 1.006856, 0.000000
2.807500, 1.351718, 0.303602, 1.006855, 0.000000
2.810000, 1.352499, 0.303530, 1.006853, 0.000000
2.812500, 1.353278, 0.303458, 1.006848, 0.000000
2.815000, 1.354055, 0.303388, 1.006843, 0.000000
2.817500, 1.354830, 0.303321, 1.006838, 0.000000
2.820000, 1.355603, 0.303257, 1.006833, 0.000000
2.822500, 1.356373, 0.303197, 1.006828, 0.000000
2.825000, 1.357142, 0.303142, 1.006822, 0.000000
2.827500, 1.357909, 0.303092, 1.006817, 0.000000
2.830000, 1.358673, 0.303047, 1.006814, 0.000000
2.832500, 1.359436, 0.303009, 1.006811, 0.000000
2.835000, 1.360197, 0.302978, 1.006809, 0.000000
2.837500, 1.360956, 0.302954, 1.006808, 0.000000
2.840000, 1.361714, 0.302938, 1.006806, 0.000000
2.842500, 1.362470, 0.302931, 1.006805, 0.000000
2.845000, 1.363225, 0.302933, 1.006804, 0.000000
2.847500, 1.363978, 0.302941, 1.006802, 0.000000
2.850000, 1.364729, 0.302958, 1.006799, 0.000000
2.852500, 1.365479, 0.302978, 1.006796, 0.000000
2.855000, 1.366226, 0.303003, 1.006791, 0.000000
2.857500, 1.366970, 0.303031, 1.006786, 0.000000
2.860000, 1.367713, 0.303063, 1.006779, 0.000000
2.862500, 1.368452, 0.303097, 1.006770, 0.000000
2.865000, 1.369188, 0.303133, 1.006760, 0.000000
2.867500, 1.369921, 0.303167, 1.006750, 0.000000
2.870000, 1.370651, 0.303203, 1.006737, 0.000000
2.872500, 1.371378, 0.303238, 1.006725, 0.000000
2.875000, 1.372101, 0.303276, 1.006712, 0.000000
2.877500, 1.372821, 0.303313, 1.006701, 0.000000
2.880000, 1.373539, 0.303351, 1.006691, 0.000000
2.882500, 1.374255, 0.303390, 1.006683, 0.000000
2.885000, 1.374970, 0.303430, 1.006674, 0.000000
2.887500, 1.375683, 0.303470, 1.006666, 0.000000
2.890000, 1.376396, 0.303510, 1.006659, 0.000000
2.892500, 1.377108, 0.303550, 1.006653, 0.000000
2.895000, 1.377820, 0.303588, 1.006649, 0.000000
2.897500, 1.378533, 0.303624, 1.006645, 0.000000
2.900000, 1.379246, 0.303659, 1.006642, 0.000000
2.902500, 1.379961, 0.303694, 1.006639, 0.000000
2.905000, 1.380676, 0.303727, 1.006636, 0.000000
2.907500, 1.381392, 0.303758, 1.006633, 0.000000
2.910000, 1.382110, 0.303790, 1.006631, 0.000000
2.912500, 1.382828, 0.303822, 1.006629, 0.000000
2.915000, 1.383548, 0.303852, 1.006627, 0.000000
2.917500, 1.384269, 0.303884, 1.006627, 0.000000
2.920000, 1.384992, 0.303913, 1.006628, 0.000000
2.922500, 1.385716, 0.303941, 1.006630, 0.000000
2.925000, 1.386443, 0.303968, 1.006633, 0.000000
2.927500, 1.387171, 0.303993, 1.006638, 0.000000
2.930000, 1.387902, 0.304014, 1.006646, 0.000000
2.932500, 1.388637, 0.304033, 1.006657, 0.000000
2.935000, 1.389375, 0.304047, 1.006670, 0.000000
2.937500, 1.390118, 0.304057, 1.006686, 0.000000
2.940000, 1.390865, 0.304063, 1.006702, 0.000000
2.942500, 1.391616, 0.304063, 1.006720, 0.000000
2.945000, 1.392373, 0.304056, 1.006737, 0.000000
2.947500, 1.393133, 0.304040, 1.006755, 0.000000
2.950000, 1.393898, 0.304016, 1.006772, 0.000000
2.952500, 1.394666, 0.303984, 1.006788, 0.000000
2.955000, 1.395438, 0.303947, 1.006802, 0.000000
2.957500, 1.396212, 0.303904, 1.006815, 0.000000
2.960000, 1.396989, 0.303855, 1.006826, 0.000000
2.962500, 1.397768, 0.303800, 1.006835, 0.000000
2.965000, 1.398548, 0.303741, 1.006841, 0.000000
2.967500, 1.399329, 0.303677, 1.006846, 0.000000
2.970000, 1.400110, 0.303608, 1.006849, 0.000000
2.972500, 1.400891, 0.303537, 1.006850, 0.000000
2.975000, 1.401671, 0.303462, 1.006850, 0.000000
2.977500, 1.402450, 0.303386, 1.006847, 0.000000
2.980000, 1.403228, 0.303311, 1.006843, 0.000000
2.982500, 1.404004, 0.303238, 1.006838, 0.000000
2.985000, 1.404777, 0.303167, 1.006833, 0.000000
2.987500, 1.405549, 0.303100, 1.006828, 0.000000
2.990000, 1.406319, 0.303037, 1.006823, 0.000000
2.992500, 1.407086, 0.302979, 1.006818, 0.000000
2.995000, 1.407852, 0.302925, 1.006813, 0.000000
2.997500, 1.408615, 0.302877, 1.006808, 0.000000
3.000000, 1.409376, 0.302836, 1.006806, 0.000000
3.002500, 1.410136, 0.302801, 1.006803, 0.000000
3.005000, 1.410894, 0.302775, 1.006802, 0.000000
3.007500, 1.411650, 0.302756, 1.006801, 0.000000
3.010000, 1.412405, 0.302746, 1.006800, 0.000000
3.012500, 1.413158, 0.302744, 1.006799, 0.000000
3.015000, 1.413910, 0.302750, 1.006797, 0.000000
3.017500, 1.414660, 0.302762, 1.006795, 0.000000
3.020000, 1.415408, 0.302781, 1.006792, 0.000000
3.022500, 1.416154, 0.302804, 1.006788, 0.000000
3.025000, 1.416898, 0.302829, 1.006783, 0.000000
3.027500, 1.417639, 0.302858, 1.006776, 0.000000
3.030000, 1.418378, 0.302890, 1.006768, 0.000000
3.032500, 1.419113, 0.302923, 1.006758, 0.000000
3.035000, 1.419846, 0.302956, 1.006747, 0.000000
3.037500, 1.420575, 0.302989, 1.006736, 0.000000
3.040000, 1.421300, 0.303023, 1.006723, 0.000000
3.042500, 1.422022, 0.303057, 1.006710, 0.000000
3.045000, 1.422741, 0.303092, 1.006697, 0.000000
3.047500, 1.423458, 0.303128, 1.006686, 0.000000
3.050000, 1.424172, 0.303164, 1.006677, 0.000000
3.052500, 1.424884, 0.303201, 1.006667, 0.000000
3.055000, 1.425595, 0.303238, 1.006658, 0.000000
3.057500, 1.426305, 0.303276, 1.006650, 0.000000
3.060000, 1.427014, 0.303313, 1.006643, 0.000000
3.062500, 1.427723, 0.303348, 1.006638, 0.000000
3.065000, 1.428432, 0.303381, 1.006635, 0.000000
3.067500, 1.429142, 0.303413, 1.006632, 0.000000
3.070000, 1.429853, 0.303443, 1.006628, 0.000000
3.072500, 1.430564, 0.303472, 1.006625, 0.000000
3.075000, 1.431277, 0.303500, 1.006620, 0.000000
3.077500, 1.431990, 0.303528, 1.006617, 0.000000
3.080000, 1.432705, 0.303554, 1.006616, 0.000000
3.082500, 1.433420, 0.303581, 1.006614, 0.000000
3.085000, 1.434137, 0.303607, 1.006613, 0.000000
3.087500, 1.434856, 0.303632, 1.006614, 0.000000
3.090000, 1.435576, 0.303655, 1.006618, 0.000000
3.092500, 1.436299, 0.303677, 1.006621, 0.000000
3.095000, 1.437023, 0.303697, 1.006625, 0.000000
3.097500, 1.437750, 0.303715, 1.006632, 0.000000
3.100000, 1.438480, 0.303729, 1.006641, 0.000000
3.102500, 1.439213, 0.303738, 1.006653, 0.000000
3.105000, 1.439951, 0.303743, 1.006667, 0.000000
3.107500, 1.440692, 0.303745, 1.006683, 0.000000
3.110000, 1.441438, 0.303740, 1.006700, 0.000000
3.112500, 1.442189, 0.303728, 1.006718, 0.000000
3.115000, 1.442944, 0.303706, 1.006736, 0.000000
3.117500, 1.443704, 0.303677, 1.006753, 0.000000
3.120000, 1.444467, 0.303639, 1.006770, 0.000000
3.122500, 1.445234, 0.303595, 1.006785, 0.000000
3.125000, 1.446004, 0.303545, 1.006799, 0.000000
3.127500, 1.446777, 0.303490, 1.006812, 0.000000
3.130000, 1.447552, 0.303429, 1.006822, 0.000000
3.132500, 1.448329, 0.303362, 1.006830, 0.000000
3.135000, 1.449107, 0.303291, 1.006836, 0.000000
3.137500, 1.449885, 0.303216, 1.006840, 0.000000
3.140000, 1.450664, 0.303137, 1.006842, 0.000000
3.142500, 1.451442, 0.303055, 1.006843, 0.000000
3.145000, 1.452219, 0.302972, 1.006842, 0.000000
3.147500, 1.452995, 0.302888, 1.006839, 0.000000
3.150000, 1.453769, 0.302806, 1.006835, 0.000000
3.152500, 1.454541, 0.302727, 1.006830, 0.000000
3.155000, 1.455312, 0.302651, 1.006825, 0.000000
3.157500, 1.456080, 0.302579, 1.006821, 0.000000
3.160000, 1.456846, 0.302512, 1.006816, 0.000000
3.162500, 1.457610, 0.302450, 1.006811, 0.000000
3.165000, 1.458373, 0.302393, 1.006807, 0.000000
3.167500, 1.459133, 0.302342, 1.006804, 0.000000
3.170000, 1.459891, 0.302298, 1.006801, 0.000000
3.172500, 1.460648, 0.302262, 1.006800, 0.000000
3.175000, 1.461403, 0.302233, 1.006799, 0.000000
3.177500, 1.462156, 0.302213, 1.006797, 0.000000
3.180000, 1.462908, 0.302202, 1.006796, 0.000000
3.182500, 1.463659, 0.302198, 1.006795, 0.000000
3.185000, 1.464408, 0.302201, 1.006793, 0.000000
3.187500, 1.465155, 0.302211, 1.006791, 0.000000
3.190000, 1.465900, 0.302224, 1.006788, 0.000000
3.192500, 1.466643, 0.302241, 1.006783, 0.000000
3.195000, 1.467384, 0.302262, 1.006778, 0.000000
3.197500, 1.468122, 0.302286, 1.006770, 0.000000
3.200000, 1.468857, 0.302311, 1.006761, 0.000000
3.202500, 1.469590, 0.302337, 1.006751, 0.000000
3.205000, 1.470318, 0.302361, 1.006740, 0.000000
3.207500, 1.471044, 0.302386, 1.006728, 0.000000
3.210000, 1.471766, 0.302413, 1.006714, 0.000000
3.212500, 1.472485, 0.302441, 1.006701, 0.000000
3.215000, 1.473200, 0.302468, 1.006689, 0.000000
3.217500, 1.473914, 0.302497, 1.006678, 0.000000
3.220000, 1.474625, 0.302526, 1.006668, 0.000000
3.222500, 1.475334, 0.302557, 1.006658, 0.000000
3.225000, 1.476041, 0.302587, 1.006649, 0.000000
3.227500, 1.476748, 0.302617, 1.006641, 0.000000
3.230000, 1.477454, 0.302646, 1.006634, 0.000000
3.232500, 1.478160, 0.302672, 1.006629, 0.000000
3.235000, 1.478866, 0.302697, 1.006624, 0.000000
3.237500, 1.479573, 0.302720, 1.006620, 0.000000
3.240000, 1.480280, 0.302741, 1.006617, 0.000000
3.242500, 1.480989, 0.302760, 1.006614, 0.000000
3.245000, 1.481698, 0.302778, 1.006611, 0.000000
3.247500, 1.482409, 0.302796, 1.006609, 0.000000
3.250000, 1.483120, 0.302812, 1.006608, 0.000000
3.252500, 1.483833, 0.302828, 1.006606, 0.000000
3.255000, 1.484548, 0.302843, 1.006606, 0.000000
3.257500, 1.485264, 0.302856, 1.006608, 0.000000
3.260000, 1.485981, 0.302867, 1.006610, 0.000000
3.262500, 1.486701, 0.302876, 1.006614, 0.000000
3.265000, 1.487423, 0.302884, 1.006619, 0.000000
3.267500, 1.488147, 0.302886, 1.006627, 0.000000
3.270000, 1.488874, 0.302885, 1.006637, 0.000000
3.272500, 1.489605, 0.302880, 1.006649, 0.000000
3.275000, 1.490340, 0.302869, 1.006664, 0.000000
3.277500, 1.491079, 0.302854, 1.006680, 0.000000
3.280000, 1.491823, 0.302832, 1.006698, 0.000000
3.282500, 1.492571, 0.302802, 1.006716, 0.000000
3.285000, 1.493324, 0.302763, 1.006734, 0.000000
3.287500, 1.494080, 0.302716, 1.006751, 0.000000
3.290000, 1.494841, 0.302661, 1.006768, 0.000000
3.292500, 1.495605, 0.302600, 1.006783, 0.000000
3.295000, 1.496372, 0.302532, 1.006797, 0.000000
3.297500, 1.497142, 0.302460, 1.006809, 0.000000
3.300000, 1.497914, 0.302382, 1.006819, 0.000000
3.302500, 1.498688, 0.302299, 1.006827, 0.000000
3.305000, 1.499462, 0.302211, 1.006832, 0.000000
3.307500, 1.500237, 0.302119, 1.006836, 0.000000
3.310000, 1.501011, 0.302024, 1.006838, 0.000000
3.312500, 1.501785, 0.301927, 1.006839, 0.000000
3.315000, 1.502559, 0.301829, 1.006837, 0.000000
3.317500, 1.503331, 0.301731, 1.006834, 0.000000
3.320000, 1.504101, 0.301635, 1.006830, 0.000000
3.322500, 1.504869, 0.301542, 1.006826, 0.000000
3.325000, 1.505636, 0.301453, 1.006821, 0.000000
3.327500, 1.506400, 0.301368, 1.006817, 0.000000
3.330000, 1.507163, 0.301287, 1.006813, 0.000000
3.332500, 1.507923, 0.301212, 1.006808, 0.000000
3.335000, 1.508681, 0.301142, 1.006804, 0.000000
3.337500, 1.509438, 0.301078, 1.006802, 0.000000
3.340000, 1.510192, 0.301021, 1.006800, 0.000000
3.342500, 1.510946, 0.300971, 1.006799, 0.000000
3.345000, 1.511697, 0.300930, 1.006798, 0.000000
3.347500, 1.512447, 0.300897, 1.006797, 0.000000
3.350000, 1.513196, 0.300871, 1.006796, 0.000000
3.352500, 1.513943, 0.300854, 1.006795, 0.000000
3.355000, 1.514689, 0.300843, 1.006793, 0.000000
3.357500, 1.515433, 0.300837, 1.006791, 0.000000
3.360000, 1.516175, 0.300836, 1.006788, 0.000000
3.362500, 1.516915, 0.300837, 1.006784, 0.000000
3.365000, 1.517652, 0.300841, 1.006778, 0.000000
3.367500, 1.518387, 0.300849, 1.006770, 0.000000
3.370000, 1.519119, 0.300858, 1.006761, 0.000000
3.372500, 1.519848, 0.300867, 1.006751, 0.000000
3.375000, 1.520574, 0.300875, 1.006740, 0.000000
3.377500, 1.521296, 0.300884, 1.006726, 0.000000
3.380000, 1.522014, 0.300895, 1.006713, 0.000000
3.382500, 1.522729, 0.300906, 1.006699, 0.000000
3.385000, 1.523441, 0.300917, 1.006685, 0.000000
3.387500, 1.524149, 0.300929, 1.006672, 0.000000
3.390000, 1.524855, 0.300942, 1.006660, 0.000000
3.392500, 1.525559, 0.300955, 1.006649, 0.000000
3.395000, 1.526261, 0.300968, 1.006638, 0.000000
3.397500, 1.526961, 0.300981, 1.006627, 0.000000
3.400000, 1.527659, 0.300993, 1.006618, 0.000000
3.402500, 1.528357, 0.301002, 1.006610, 0.000000
3.405000, 1.529054, 0.301008, 1.006603, 0.000000
3.407500, 1.529752, 0.301012, 1.006597, 0.000000
3.410000, 1.530450, 0.301014, 1.006592, 0.000000
3.412500, 1.531148, 0.301014, 1.006588, 0.000000
3.415000, 1.531847, 0.301011, 1.006584, 0.000000
3.417500, 1.532548, 0.301008, 1.006582, 0.000000
3.420000, 1.533249, 0.301003, 1.006580, 0.000000
3.422500, 1.533951, 0.300997, 1.006579, 0.000000
3.425000, 1.534655, 0.300990, 1.006578, 0.000000
3.427500, 1.535359, 0.300979, 1.006579, 0.000000
3.430000, 1.536066, 0.300966, 1.006581, 0.000000
3.432500, 1.536774, 0.300948, 1.006586, 0.000000
3.435000, 1.537485, 0.300928, 1.006592, 0.000000
3.437500, 1.538197, 0.300903, 1.006598, 0.000000
3.440000, 1.538913, 0.300873, 1.006606, 0.000000
3.442500, 1.539631, 0.300837, 1.006617, 0.000000
3.445000, 1.540353, 0.300796, 1.006631, 0.000000
3.447500, 1.541079, 0.300750, 1.006646, 0.000000
3.450000, 1.541809, 0.300697, 1.006663, 0.000000
3.452500, 1.542544, 0.300636, 1.006682, 0.000000
3.455000, 1.543283, 0.300567, 1.006701, 0.000000
3.457500, 1.544027, 0.300488, 1.006719, 0.000000
3.460000, 1.544775, 0.300402, 1.006737, 0.000000
3.462500, 1.545526, 0.300310, 1.006754, 0.000000
3.465000, 1.546282, 0.300210, 1.006770, 0.000000
3.467500, 1.547040, 0.300107, 1.006784, 0.000000
3.470000, 1.547801, 0.299996, 1.006796, 0.000000
3.472500, 1.548564, 0.299881, 1.006807, 0.000000
3.475000, 1.549328, 0.299761, 1.006815, 0.000000
3.477500, 1.550094, 0.299638, 1.006821, 0.000000
3.480000, 1.550860, 0.299511, 1.006825, 0.000000
3.482500, 1.551626, 0.299382, 1.006828, 0.000000
3.485000, 1.552391, 0.299251, 1.006829, 0.000000
3.487500, 1.553156, 0.299122, 1.006828, 0.000000
3.490000, 1.553919, 0.298994, 1.006826, 0.000000
3.492500, 1.554681, 0.298868, 1.006823, 0.000000
3.495000, 1.555442, 0.298746, 1.006819, 0.000000
3.497500, 1.556201, 0.298628, 1.006817, 0.000000
3.500000, 1.556958, 0.298514, 1.006814, 0.000000
3.502500, 1.557713, 0.298405, 1.006812, 0.000000
3.505000, 1.558467, 0.298301, 1.006809, 0.000000
3.507500, 1.559219, 0.298203, 1.006806, 0.000000
3.510000, 1.559969, 0.298111, 1.006804, 0.000000
3.512500, 1.560717, 0.298026, 1.006803, 0.000000
3.515000, 1.561464, 0.297949, 1.006802, 0.000000
3.517500, 1.562210, 0.297881, 1.006802, 0.000000
3.520000, 1.562954, 0.297820, 1.006801, 0.000000
3.522500, 1.563697, 0.297768, 1.006801, 0.000000
3.525000, 1.564439, 0.297722, 1.006800, 0.000000
3.527500, 1.565179, 0.297681, 1.006799, 0.000000
3.530000, 1.565917, 0.297643, 1.006797, 0.000000
3.532500, 1.566654, 0.297610, 1.006794, 0.000000
3.535000, 1.567388, 0.297578, 1.006789, 0.000000
3.537500, 1.568120, 0.297550, 1.006783, 0.000000
3.540000, 1.568850, 0.297524, 1.006776, 0.000000
3.542500, 1.569576, 0.297499, 1.006767, 0.000000
3.545000, 1.570300, 0.297473, 1.006756, 0.000000
3.547500, 1.571020, 0.297447, 1.006744, 0.000000
3.550000, 1.571736, 0.297422, 1.006730, 0.000000
3.552500, 1.572449, 0.297398, 1.006715, 0.000000
3.555000, 1.573158, 0.297374, 1.006700, 0.000000
3.557500, 1.573863, 0.297352, 1.006685, 0.000000
3.560000, 1.574565, 0.297331, 1.006671, 0.000000
3.562500, 1.575264, 0.297310, 1.006657, 0.000000
3.565000, 1.575960, 0.297290, 1.006644, 0.000000
3.567500, 1.576654, 0.297271, 1.006632, 0.000000
3.570000, 1.577345, 0.297252, 1.006620, 0.000000
3.572500, 1.578035, 0.297231, 1.006609, 0.000000
3.575000, 1.578724, 0.297208, 1.006599, 0.000000
3.577500, 1.579411, 0.297181, 1.006590, 0.000000
3.580000, 1.580099, 0.297152, 1.006583, 0.000000
3.582500, 1.580786, 0.297119, 1.006578, 0.000000
3.585000, 1.581473, 0.297084, 1.006574, 0.000000
3.587500, 1.582162, 0.297045, 1.006571, 0.000000
3.590000, 1.582851, 0.297002, 1.006569, 0.000000
3.592500, 1.583541, 0.296958, 1.006569, 0.000000
3.595000, 1.584232, 0.296910, 1.006569, 0.000000
3.597500, 1.584925, 0.296857, 1.006568, 0.000000
3.600000, 1.585618, 0.296800, 1.006569, 0.000000
3.602500, 1.586313, 0.296736, 1.006571, 0.000000
3.605000, 1.587010, 0.296668, 1.006575, 0.000000
3.607500, 1.587708, 0.296591, 1.006581, 0.000000
3.610000, 1.588409, 0.296509, 1.006588, 0.000000
3.612500, 1.589111, 0.296420, 1.006595, 0.000000
3.615000, 1.589816, 0.296324, 1.006604, 0.000000
3.617500, 1.590524, 0.296222, 1.006616, 0.000000
3.620000, 1.591236, 0.296114, 1.006630, 0.000000
3.622500, 1.591951, 0.296001, 1.006646, 0.000000
3.625000, 1.592671, 0.295883, 1.006664, 0.000000
3.627500, 1.593394, 0.295758, 1.006682, 0.000000
3.630000, 1.594122, 0.295625, 1.006701, 0.000000
3.632500, 1.594854, 0.295484, 1.006720, 0.000000
3.635000, 1.595590, 0.295337, 1.006738, 0.000000
3.637500, 1.596330, 0.295184, 1.006755, 0.000000
3.640000, 1.597073, 0.295024, 1.006770, 0.000000
3.642500, 1.597819, 0.294859, 1.006784, 0.000000
3.645000, 1.598567, 0.294689, 1.006796, 0.000000
3.647500, 1.599318, 0.294514, 1.006807, 0.000000
3.650000, 1.600069, 0.294335, 1.006815, 0.000000
3.652500, 1.600822, 0.294153, 1.006821, 0.000000
3.655000, 1.601574, 0.293969, 1.006825, 0.000000
3.657500, 1.602327, 0.293784, 1.006827, 0.000000
3.660000, 1.603079, 0.293598, 1.006827, 0.000000
3.662500, 1.603830, 0.293414, 1.006826, 0.000000
3.665000, 1.604580, 0.293231, 1.006825, 0.000000
3.667500, 1.605329, 0.293050, 1.006823, 0.000000
3.670000, 1.606076, 0.292872, 1.006821, 0.000000
3.672500, 1.606822, 0.292698, 1.006820, 0.000000
3.675000, 1.607566, 0.292527, 1.006818, 0.000000
3.677500, 1.608309, 0.292361, 1.006817, 0.000000
3.680000, 1.609051, 0.292200, 1.006815, 0.000000
3.682500, 1.609790, 0.292045, 1.006813, 0.000000
3.685000, 1.610528, 0.291894, 1.006811, 0.000000
3.687500, 1.611265, 0.291750, 1.006810, 0.000000
3.690000, 1.611999, 0.291614, 1.006809, 0.000000
3.692500, 1.612733, 0.291485, 1.006809, 0.000000
3.695000, 1.613465, 0.291363, 1.006808, 0.000000
3.697500, 1.614196, 0.291248, 1.006808, 0.000000
3.700000, 1.614926, 0.291138, 1.006807, 0.000000
3.702500, 1.615654, 0.291032, 1.006806, 0.000000
3.705000, 1.616381, 0.290929, 1.006804, 0.000000
3.707500, 1.617105, 0.290830, 1.006802, 0.000000
3.710000, 1.617828, 0.290735, 1.006798, 0.000000
3.712500, 1.618549, 0.290642, 1.006792, 0.000000
3.715000, 1.619267, 0.290551, 1.006785, 0.000000
3.717500, 1.619983, 0.290462, 1.006777, 0.000000
3.720000, 1.620695, 0.290374, 1.006768, 0.000000
3.722500, 1.621404, 0.290285, 1.006757, 0.000000
3.725000, 1.622110, 0.290198, 1.006744, 0.000000
3.727500, 1.622812, 0.290110, 1.006729, 0.000000
3.730000, 1.623510, 0.290025, 1.006713, 0.000000
3.732500, 1.624204, 0.289940, 1.006697, 0.000000
3.735000, 1.624894, 0.289856, 1.006680, 0.000000
3.737500, 1.625580, 0.289773, 1.006663, 0.000000
3.740000, 1.626261, 0.289691, 1.006646, 0.000000
3.742500, 1.626939, 0.289608, 1.006628, 0.000000
3.745000, 1.627613, 0.289526, 1.006610, 0.000000
3.747500, 1.628282, 0.289442, 1.006591, 0.000000
3.750000, 1.628948, 0.289357, 1.006571, 0.000000
3.752500, 1.629609, 0.289270, 1.006552, 0.000000
3.755000, 1.630267, 0.289179, 1.006534, 0.000000
3.757500, 1.630922, 0.289084, 1.006518, 0.000000
3.760000, 1.631573, 0.288985, 1.006503, 0.000000
3.762500, 1.632222, 0.288881, 1.006490, 0.000000
3.765000, 1.632869, 0.288773, 1.006477, 0.000000
3.767500, 1.633514, 0.288658, 1.006467, 0.000000
3.770000, 1.634157, 0.288537, 1.006459, 0.000000
3.772500, 1.634800, 0.288409, 1.006452, 0.000000
3.775000, 1.635441, 0.288273, 1.006447, 0.000000
3.777500, 1.636083, 0.288126, 1.006444, 0.000000
3.780000, 1.636724, 0.287968, 1.006444, 0.000000
3.782500, 1.637366, 0.287799, 1.006445, 0.000000
3.785000, 1.638009, 0.287620, 1.006447, 0.000000
3.787500, 1.638653, 0.287430, 1.006451, 0.000000
3.790000, 1.639298, 0.287232, 1.006455, 0.000000
3.792500, 1.639944, 0.287025, 1.006461, 0.000000
3.795000, 1.640592, 0.286810, 1.006469, 0.000000
3.797500, 1.641242, 0.286588, 1.006478, 0.000000
3.800000, 1.641894, 0.286361, 1.006489, 0.000000
3.802500, 1.642549, 0.286130, 1.006500, 0.000000
3.805000, 1.643207, 0.285895, 1.006513, 0.000000
3.807500, 1.643867, 0.285654, 1.006528, 0.000000
3.810000, 1.644531, 0.285406, 1.006544, 0.000000
3.812500, 1.645199, 0.285151, 1.006563, 0.000000
3.815000, 1.645872, 0.284888, 1.006582, 0.000000
3.817500, 1.646548, 0.284618, 1.006601, 0.000000
3.820000, 1.647229, 0.284343, 1.006620, 0.000000
3.822500, 1.647913, 0.284063, 1.006639, 0.000000
3.825000, 1.648602, 0.283778, 1.006656, 0.000000
3.827500, 1.649293, 0.283490, 1.006673, 0.000000
3.830000, 1.649989, 0.283199, 1.006689, 0.000000
3.832500, 1.650687, 0.282906, 1.006703, 0.000000
3.835000, 1.651388, 0.282612, 1.006715, 0.000000
3.837500, 1.652091, 0.282317, 1.006726, 0.000000
3.840000, 1.652795, 0.282022, 1.006736, 0.000000
3.842500, 1.653502, 0.281728, 1.006746, 0.000000
3.845000, 1.654210, 0.281435, 1.006755, 0.000000
3.847500, 1.654919, 0.281142, 1.006763, 0.000000
3.850000, 1.655630, 0.280851, 1.006772, 0.000000
3.852500, 1.656341, 0.280563, 1.006781, 0.000000
3.855000, 1.657054, 0.280279, 1.006789, 0.000000
3.857500, 1.657767, 0.279999, 1.006797, 0.000000
3.860000, 1.658481, 0.279723, 1.006803, 0.000000
3.862500, 1.659195, 0.279452, 1.006810, 0.000000
3.865000, 1.659910, 0.279185, 1.006816, 0.000000
3.867500, 1.660625, 0.278922, 1.006822, 0.000000
3.870000, 1.661340, 0.278666, 1.006827, 0.000000
3.872500, 1.662054, 0.278416, 1.006832, 0.000000
3.875000, 1.662768, 0.278171, 1.006835, 0.000000
3.877500, 1.663482, 0.277932, 1.006838, 0.000000
3.880000, 1.664196, 0.277697, 1.006842, 0.000000
3.882500, 1.664908, 0.277466, 1.006845, 0.000000
3.885000, 1.665621, 0.277241, 1.006848, 0.000000
3.887500, 1.666332, 0.277020, 1.006849, 0.000000
3.890000, 1.667043, 0.276805, 1.006850, 0.000000
3.892500, 1.667753, 0.276595, 1.006850, 0.000000
3.895000, 1.668461, 0.276389, 1.006848, 0.000000
3.897500, 1.669168, 0.276187, 1.006846, 0.000000
3.900000, 1.669873, 0.275987, 1.006842, 0.000000
3.902500, 1.670575, 0.275790, 1.006837, 0.000000
3.905000, 1.671276, 0.275594, 1.006831, 0.000000
3.907500, 1.671974, 0.275399, 1.006823, 0.000000
3.910000, 1.672669, 0.275205, 1.006813, 0.000000
3.912500, 1.673361, 0.275012, 1.006802, 0.000000
3.915000, 1.674049, 0.274819, 1.006789, 0.000000
3.917500, 1.674733, 0.274625, 1.006773, 0.000000
3.920000, 1.675413, 0.274433, 1.006757, 0.000000
3.922500, 1.676089, 0.274240, 1.006739, 0.000000
3.925000, 1.676761, 0.274048, 1.006722, 0.000000
3.927500, 1.677428, 0.273856, 1.006704, 0.000000
3.930000, 1.678091, 0.273664, 1.006686, 0.000000
3.932500, 1.678750, 0.273470, 1.006670, 0.000000
3.935000, 1.679406, 0.273276, 1.006654, 0.000000
3.937500, 1.680057, 0.273082, 1.006640, 0.000000
3.940000, 1.680706, 0.272886, 1.006627, 0.000000
3.942500, 1.681352, 0.272686, 1.006616, 0.000000
3.945000, 1.681995, 0.272482, 1.006606, 0.000000
3.947500, 1.682636, 0.272275, 1.006597, 0.000000
3.950000, 1.683274, 0.272059, 1.006588, 0.000000
3.952500, 1.683911, 0.271836, 1.006582, 0.000000
3.955000, 1.684546, 0.271601, 1.006577, 0.000000
3.957500, 1.685180, 0.271355, 1.006574, 0.000000
3.960000, 1.685813, 0.271095, 1.006572, 0.000000
3.962500, 1.686445, 0.270821, 1.006570, 0.000000
3.965000, 1.687077, 0.270531, 1.006570, 0.000000
3.967500, 1.687708, 0.270228, 1.006570, 0.000000
3.970000, 1.688338, 0.269911, 1.006571, 0.000000
3.972500, 1.688968, 0.269580, 1.006572, 0.000000
3.975000, 1.689597, 0.269238, 1.006572, 0.000000
3.977500, 1.690225, 0.268885, 1.006573, 0.000000
3.980000, 1.690853, 0.268522, 1.006573, 0.000000
3.982500, 1.691481, 0.268150, 1.006572, 0.000000
3.985000, 1.692107, 0.267770, 1.006572, 0.000000
3.987500, 1.692733, 0.267382, 1.006572, 0.000000
3.990000, 1.693358, 0.266988, 1.006573, 0.000000
3.992500, 1.693983, 0.266587, 1.006575, 0.000000
3.995000, 1.694609, 0.266183, 1.006577, 0.000000
3.997500, 1.695234, 0.265776, 1.006580, 0.000000
4.000000, 1.695859, 0.265367, 1.006583, 0.000000
4.002500, 1.696485, 0.264955, 1.006588, 0.000000
