Time, x, z, 
0.000000, 0.146000, 0.292000
0.000250, 0.146000, 0.292000
0.000500, 0.146002, 0.292002
0.000750, 0.146004, 0.292004
0.001000, 0.146005, 0.292005
0.001250, 0.146007, 0.292007
0.001500, 0.146009, 0.292009
0.001750, 0.146011, 0.292011
0.002000, 0.146013, 0.292013
0.002250, 0.146015, 0.292015
0.002500, 0.146017, 0.292017
0.002750, 0.146020, 0.292019
0.003000, 0.146022, 0.292021
0.003250, 0.146024, 0.292023
0.003500, 0.146026, 0.292025
0.003750, 0.146029, 0.292027
0.004000, 0.146031, 0.292029
0.004250, 0.146033, 0.292030
0.004500, 0.146036, 0.292032
0.004750, 0.146038, 0.292034
0.005000, 0.146041, 0.292036
0.005250, 0.146044, 0.292038
0.005500, 0.146046, 0.292039
0.005750, 0.146049, 0.292041
0.006000, 0.146052, 0.292042
0.006250, 0.146055, 0.292044
0.006500, 0.146058, 0.292045
0.006750, 0.146062, 0.292046
0.007000, 0.146065, 0.292048
0.007250, 0.146068, 0.292049
0.007500, 0.146072, 0.292050
0.007750, 0.146076, 0.292051
0.008000, 0.146080, 0.292052
0.008250, 0.146084, 0.292052
0.008500, 0.146088, 0.292053
0.008750, 0.146092, 0.292053
0.009000, 0.146096, 0.292054
0.009250, 0.146101, 0.292054
0.009500, 0.146106, 0.292054
0.009750, 0.146111, 0.292054
0.010000, 0.146116, 0.292054
0.010250, 0.146121, 0.292054
0.010500, 0.146126, 0.292054
0.010750, 0.146132, 0.292053
0.011000, 0.146138, 0.292052
0.011250, 0.146144, 0.292052
0.011500, 0.146150, 0.292051
0.011750, 0.146157, 0.292049
0.012000, 0.146163, 0.292048
0.012250, 0.146170, 0.292047
0.012500, 0.146178, 0.292045
0.012750, 0.146185, 0.292043
0.013000, 0.146193, 0.292041
0.013250, 0.146201, 0.292039
0.013500, 0.146209, 0.292036
0.013750, 0.146217, 0.292034
0.014000, 0.146226, 0.292031
0.014250, 0.146235, 0.292028
0.014500, 0.146245, 0.292025
0.014750, 0.146255, 0.292021
0.015000, 0.146265, 0.292018
0.015250, 0.146275, 0.292014
0.015500, 0.146286, 0.292010
0.015750, 0.146297, 0.292006
0.016000, 0.146308, 0.292001
0.016250, 0.146320, 0.291997
0.016500, 0.146332, 0.291992
0.016750, 0.146344, 0.291987
0.017000, 0.146357, 0.291981
0.017250, 0.146370, 0.291976
0.017500, 0.146384, 0.291970
0.017750, 0.146398, 0.291964
0.018000, 0.146412, 0.291958
0.018250, 0.146427, 0.291951
0.018500, 0.146442, 0.291944
0.018750, 0.146458, 0.291937
0.019000, 0.146474, 0.291930
0.019250, 0.146490, 0.291922
0.019500, 0.146507, 0.291914
0.019750, 0.146524, 0.291906
0.020000, 0.146542, 0.291898
0.020250, 0.146560, 0.291889
0.020500, 0.146579, 0.291880
0.020750, 0.146598, 0.291871
0.021000, 0.146617, 0.291862
0.021250, 0.146637, 0.291852
0.021500, 0.146658, 0.291842
0.021750, 0.146679, 0.291832
0.022000, 0.146700, 0.291821
0.022250, 0.146722, 0.291810
0.022500, 0.146744, 0.291799
0.022750, 0.146767, 0.291788
0.023000, 0.146791, 0.291776
0.023250, 0.146815, 0.291764
0.023500, 0.146839, 0.291752
0.023750, 0.146864, 0.291739
0.024000, 0.146890, 0.291726
0.024250, 0.146916, 0.291713
0.024500, 0.146942, 0.291699
0.024750, 0.146970, 0.291686
0.025000, 0.146997, 0.291672
0.025250, 0.147025, 0.291657
0.025500, 0.147054, 0.291642
0.025750, 0.147083, 0.291627
0.026000, 0.147113, 0.291612
0.026250, 0.147144, 0.291596
0.026500, 0.147175, 0.291580
0.026750, 0.147206, 0.291564
0.027000, 0.147238, 0.291547
0.027250, 0.147271, 0.291530
0.027500, 0.147304, 0.291513
0.027750, 0.147338, 0.291495
0.028000, 0.147372, 0.291477
0.028250, 0.147407, 0.291459
0.028500, 0.147443, 0.291441
0.028750, 0.147479, 0.291422
0.029000, 0.147516, 0.291402
0.029250, 0.147553, 0.291383
0.029500, 0.147591, 0.291363
0.029750, 0.147630, 0.291342
0.030000, 0.147669, 0.291322
0.030250, 0.147709, 0.291301
0.030500, 0.147749, 0.291279
0.030750, 0.147790, 0.291258
0.031000, 0.147832, 0.291236
0.031250, 0.147875, 0.291213
0.031500, 0.147918, 0.291191
0.031750, 0.147961, 0.291168
0.032000, 0.148005, 0.291144
0.032250, 0.148050, 0.291120
0.032500, 0.148096, 0.291096
0.032750, 0.148142, 0.291072
0.033000, 0.148189, 0.291047
0.033250, 0.148236, 0.291022
0.033500, 0.148284, 0.290996
0.033750, 0.148333, 0.290970
0.034000, 0.148383, 0.290944
0.034250, 0.148433, 0.290917
0.034500, 0.148483, 0.290890
0.034750, 0.148535, 0.290863
0.035000, 0.148587, 0.290835
0.035250, 0.148639, 0.290807
0.035500, 0.148693, 0.290778
0.035750, 0.148747, 0.290750
0.036000, 0.148801, 0.290720
0.036250, 0.148857, 0.290691
0.036500, 0.148913, 0.290661
0.036750, 0.148969, 0.290630
0.037000, 0.149027, 0.290600
0.037250, 0.149085, 0.290568
0.037500, 0.149144, 0.290537
0.037750, 0.149203, 0.290505
0.038000, 0.149263, 0.290473
0.038250, 0.149324, 0.290440
0.038500, 0.149385, 0.290407
0.038750, 0.149447, 0.290374
0.039000, 0.149510, 0.290340
0.039250, 0.149574, 0.290306
0.039500, 0.149638, 0.290271
0.039750, 0.149703, 0.290236
0.040000, 0.149769, 0.290201
0.040250, 0.149835, 0.290165
0.040500, 0.149902, 0.290129
0.040750, 0.149970, 0.290092
0.041000, 0.150038, 0.290055
0.041250, 0.150107, 0.290018
0.041500, 0.150177, 0.289980
0.041750, 0.150247, 0.289942
0.042000, 0.150319, 0.289904
0.042250, 0.150391, 0.289865
0.042500, 0.150463, 0.289826
0.042750, 0.150537, 0.289786
0.043000, 0.150611, 0.289746
0.043250, 0.150685, 0.289705
0.043500, 0.150761, 0.289664
0.043750, 0.150837, 0.289623
0.044000, 0.150914, 0.289581
0.044250, 0.150992, 0.289539
0.044500, 0.151070, 0.289497
0.044750, 0.151149, 0.289454
0.045000, 0.151229, 0.289410
0.045250, 0.151309, 0.289367
0.045500, 0.151390, 0.289322
0.045750, 0.151472, 0.289278
0.046000, 0.151555, 0.289233
0.046250, 0.151638, 0.289188
0.046500, 0.151722, 0.289142
0.046750, 0.151807, 0.289096
0.047000, 0.151893, 0.289049
0.047250, 0.151979, 0.289002
0.047500, 0.152066, 0.288955
0.047750, 0.152154, 0.288907
0.048000, 0.152242, 0.288858
0.048250, 0.152331, 0.288810
0.048500, 0.152421, 0.288761
0.048750, 0.152512, 0.288711
0.049000, 0.152603, 0.288661
0.049250, 0.152695, 0.288611
0.049500, 0.152788, 0.288560
0.049750, 0.152882, 0.288509
0.050000, 0.152976, 0.288458
0.050250, 0.153071, 0.288406
0.050500, 0.153167, 0.288353
0.050750, 0.153263, 0.288301
0.051000, 0.153361, 0.288247
0.051250, 0.153459, 0.288194
0.051500, 0.153559, 0.288140
0.051750, 0.153659, 0.288085
0.052000, 0.153760, 0.288030
0.052250, 0.153862, 0.287975
0.052500, 0.153964, 0.287919
0.052750, 0.154068, 0.287863
0.053000, 0.154172, 0.287807
0.053250, 0.154276, 0.287750
0.053500, 0.154382, 0.287692
0.053750, 0.154488, 0.287634
0.054000, 0.154595, 0.287576
0.054250, 0.154703, 0.287518
0.054500, 0.154811, 0.287459
0.054750, 0.154920, 0.287399
0.055000, 0.155030, 0.287339
0.055250, 0.155141, 0.287279
0.055500, 0.155252, 0.287218
0.055750, 0.155365, 0.287157
0.056000, 0.155478, 0.287095
0.056250, 0.155591, 0.287033
0.056500, 0.155706, 0.286971
0.056750, 0.155821, 0.286908
0.057000, 0.155937, 0.286845
0.057250, 0.156054, 0.286781
0.057500, 0.156171, 0.286717
0.057750, 0.156289, 0.286652
0.058000, 0.156408, 0.286587
0.058250, 0.156528, 0.286522
0.058500, 0.156648, 0.286456
0.058750, 0.156770, 0.286390
0.059000, 0.156892, 0.286323
0.059250, 0.157014, 0.286256
0.059500, 0.157138, 0.286189
0.059750, 0.157262, 0.286121
0.060000, 0.157387, 0.286052
0.060250, 0.157513, 0.285984
0.060500, 0.157639, 0.285914
0.060750, 0.157766, 0.285845
0.061000, 0.157894, 0.285775
0.061250, 0.158023, 0.285704
0.061500, 0.158152, 0.285633
0.061750, 0.158283, 0.285562
0.062000, 0.158414, 0.285490
0.062250, 0.158545, 0.285418
0.062500, 0.158678, 0.285345
0.062750, 0.158811, 0.285272
0.063000, 0.158945, 0.285199
0.063250, 0.159080, 0.285125
0.063500, 0.159215, 0.285051
0.063750, 0.159351, 0.284976
0.064000, 0.159488, 0.284901
0.064250, 0.159626, 0.284825
0.064500, 0.159765, 0.284749
0.064750, 0.159904, 0.284673
0.065000, 0.160044, 0.284596
0.065250, 0.160185, 0.284518
0.065500, 0.160326, 0.284441
0.065750, 0.160468, 0.284363
0.066000, 0.160612, 0.284284
0.066250, 0.160756, 0.284205
0.066500, 0.160902, 0.284126
0.066750, 0.161048, 0.284046
0.067000, 0.161195, 0.283965
0.067250, 0.161343, 0.283885
0.067500, 0.161492, 0.283804
0.067750, 0.161641, 0.283722
0.068000, 0.161791, 0.283640
0.068250, 0.161942, 0.283558
0.068500, 0.162094, 0.283475
0.068750, 0.162246, 0.283392
0.069000, 0.162399, 0.283308
0.069250, 0.162553, 0.283224
0.069500, 0.162708, 0.283139
0.069750, 0.162863, 0.283054
0.070000, 0.163019, 0.282969
0.070250, 0.163176, 0.282883
0.070500, 0.163334, 0.282797
0.070750, 0.163492, 0.282710
0.071000, 0.163651, 0.282623
0.071250, 0.163811, 0.282536
0.071500, 0.163971, 0.282448
0.071750, 0.164133, 0.282359
0.072000, 0.164295, 0.282271
0.072250, 0.164458, 0.282181
0.072500, 0.164621, 0.282092
0.072750, 0.164786, 0.282002
0.073000, 0.164951, 0.281911
0.073250, 0.165117, 0.281820
0.073500, 0.165284, 0.281729
0.073750, 0.165451, 0.281637
0.074000, 0.165619, 0.281545
0.074250, 0.165788, 0.281453
0.074500, 0.165958, 0.281360
0.074750, 0.166128, 0.281266
0.075000, 0.166299, 0.281172
0.075250, 0.166471, 0.281078
0.075500, 0.166644, 0.280984
0.075750, 0.166817, 0.280888
0.076000, 0.166992, 0.280793
0.076250, 0.167167, 0.280697
0.076500, 0.167342, 0.280601
0.076750, 0.167519, 0.280504
0.077000, 0.167696, 0.280407
0.077250, 0.167874, 0.280309
0.077500, 0.168053, 0.280211
0.077750, 0.168233, 0.280113
0.078000, 0.168414, 0.280014
0.078250, 0.168596, 0.279915
0.078500, 0.168778, 0.279815
0.078750, 0.168961, 0.279715
0.079000, 0.169145, 0.279614
0.079250, 0.169329, 0.279513
0.079500, 0.169515, 0.279412
0.079750, 0.169701, 0.279310
0.080000, 0.169887, 0.279208
0.080250, 0.170075, 0.279106
0.080500, 0.170263, 0.279003
0.080750, 0.170452, 0.278899
0.081000, 0.170642, 0.278795
0.081250, 0.170832, 0.278691
0.081500, 0.171024, 0.278587
0.081750, 0.171215, 0.278482
0.082000, 0.171408, 0.278376
0.082250, 0.171602, 0.278270
0.082500, 0.171796, 0.278164
0.082750, 0.171991, 0.278057
0.083000, 0.172186, 0.277950
0.083250, 0.172383, 0.277843
0.083500, 0.172580, 0.277735
0.083750, 0.172778, 0.277627
0.084000, 0.172976, 0.277518
0.084250, 0.173176, 0.277409
0.084500, 0.173376, 0.277300
0.084750, 0.173577, 0.277190
0.085000, 0.173779, 0.277081
0.085250, 0.173981, 0.276971
0.085500, 0.174184, 0.276860
0.085750, 0.174388, 0.276749
0.086000, 0.174593, 0.276638
0.086250, 0.174799, 0.276526
0.086500, 0.175005, 0.276414
0.086750, 0.175212, 0.276302
0.087000, 0.175420, 0.276189
0.087250, 0.175628, 0.276076
0.087500, 0.175837, 0.275962
0.087750, 0.176047, 0.275848
0.088000, 0.176257, 0.275734
0.088250, 0.176468, 0.275619
0.088500, 0.176680, 0.275504
0.088750, 0.176893, 0.275388
0.089000, 0.177106, 0.275272
0.089250, 0.177320, 0.275156
0.089500, 0.177535, 0.275039
0.089750, 0.177751, 0.274922
0.090000, 0.177967, 0.274805
0.090250, 0.178184, 0.274687
0.090500, 0.178402, 0.274569
0.090750, 0.178620, 0.274450
0.091000, 0.178840, 0.274331
0.091250, 0.179060, 0.274212
0.091500, 0.179280, 0.274092
0.091750, 0.179502, 0.273972
0.092000, 0.179724, 0.273851
0.092250, 0.179947, 0.273730
0.092500, 0.180171, 0.273609
0.092750, 0.180395, 0.273487
0.093000, 0.180621, 0.273365
0.093250, 0.180847, 0.273243
0.093500, 0.181073, 0.273120
0.093750, 0.181301, 0.272996
0.094000, 0.181529, 0.272873
0.094250, 0.181758, 0.272749
0.094500, 0.181988, 0.272625
0.094750, 0.182218, 0.272500
0.095000, 0.182450, 0.272375
0.095250, 0.182681, 0.272249
0.095500, 0.182912, 0.272123
0.095750, 0.183144, 0.271997
0.096000, 0.183377, 0.271871
0.096250, 0.183611, 0.271744
0.096500, 0.183845, 0.271616
0.096750, 0.184081, 0.271488
0.097000, 0.184316, 0.271360
0.097250, 0.184553, 0.271232
0.097500, 0.184790, 0.271103
0.097750, 0.185028, 0.270974
0.098000, 0.185267, 0.270844
0.098250, 0.185506, 0.270714
0.098500, 0.185747, 0.270584
0.098750, 0.185987, 0.270453
0.099000, 0.186229, 0.270322
0.099250, 0.186471, 0.270191
0.099500, 0.186715, 0.270059
0.099750, 0.186958, 0.269927
0.100000, 0.187203, 0.269795
0.100250, 0.187448, 0.269662
0.100500, 0.187695, 0.269529
0.100750, 0.187941, 0.269395
0.101000, 0.188189, 0.269261
0.101250, 0.188437, 0.269127
0.101500, 0.188687, 0.268992
0.101750, 0.188936, 0.268857
0.102000, 0.189187, 0.268722
0.102250, 0.189438, 0.268586
0.102500, 0.189691, 0.268450
0.102750, 0.189942, 0.268314
0.103000, 0.190194, 0.268177
0.103250, 0.190446, 0.268040
0.103500, 0.190698, 0.267902
0.103750, 0.190952, 0.267764
0.104000, 0.191206, 0.267626
0.104250, 0.191461, 0.267488
0.104500, 0.191717, 0.267349
0.104750, 0.191973, 0.267210
0.105000, 0.192230, 0.267070
0.105250, 0.192488, 0.266930
0.105500, 0.192746, 0.266790
0.105750, 0.193006, 0.266649
0.106000, 0.193265, 0.266508
0.106250, 0.193526, 0.266367
0.106500, 0.193788, 0.266225
0.106750, 0.194050, 0.266083
0.107000, 0.194313, 0.265941
0.107250, 0.194576, 0.265798
0.107500, 0.194841, 0.265655
0.107750, 0.195106, 0.265512
0.108000, 0.195371, 0.265368
0.108250, 0.195638, 0.265224
0.108500, 0.195905, 0.265080
0.108750, 0.196174, 0.264935
0.109000, 0.196442, 0.264790
0.109250, 0.196712, 0.264645
0.109500, 0.196982, 0.264499
0.109750, 0.197252, 0.264353
0.110000, 0.197520, 0.264207
0.110250, 0.197790, 0.264060
0.110500, 0.198060, 0.263913
0.110750, 0.198330, 0.263766
0.111000, 0.198602, 0.263618
0.111250, 0.198874, 0.263470
0.111500, 0.199147, 0.263322
0.111750, 0.199421, 0.263173
0.112000, 0.199695, 0.263024
0.112250, 0.199970, 0.262875
0.112500, 0.200246, 0.262727
0.112750, 0.200522, 0.262579
0.113000, 0.200799, 0.262432
0.113250, 0.201077, 0.262284
0.113500, 0.201356, 0.262136
0.113750, 0.201635, 0.261988
0.114000, 0.201915, 0.261839
0.114250, 0.202196, 0.261690
0.114500, 0.202478, 0.261541
0.114750, 0.202760, 0.261391
0.115000, 0.203043, 0.261241
0.115250, 0.203327, 0.261091
0.115500, 0.203611, 0.260941
0.115750, 0.203897, 0.260790
0.116000, 0.204183, 0.260639
0.116250, 0.204469, 0.260487
0.116500, 0.204752, 0.260336
0.116750, 0.205037, 0.260184
0.117000, 0.205321, 0.260031
0.117250, 0.205607, 0.259879
0.117500, 0.205894, 0.259726
0.117750, 0.206181, 0.259573
0.118000, 0.206468, 0.259420
0.118250, 0.206757, 0.259266
0.118500, 0.207046, 0.259112
0.118750, 0.207336, 0.258958
0.119000, 0.207626, 0.258803
0.119250, 0.207917, 0.258648
0.119500, 0.208209, 0.258493
0.119750, 0.208502, 0.258338
0.120000, 0.208796, 0.258182
0.120250, 0.209090, 0.258026
0.120500, 0.209385, 0.257870
0.120750, 0.209680, 0.257714
0.121000, 0.209976, 0.257557
0.121250, 0.210273, 0.257400
0.121500, 0.210571, 0.257243
0.121750, 0.210870, 0.257085
0.122000, 0.211169, 0.256927
0.122250, 0.211469, 0.256769
0.122500, 0.211769, 0.256610
0.122750, 0.212066, 0.256452
0.123000, 0.212363, 0.256293
0.123250, 0.212662, 0.256133
0.123500, 0.212961, 0.255974
0.123750, 0.213260, 0.255814
0.124000, 0.213561, 0.255654
0.124250, 0.213862, 0.255494
0.124500, 0.214163, 0.255333
0.124750, 0.214466, 0.255172
0.125000, 0.214769, 0.255011
0.125250, 0.215073, 0.254850
0.125500, 0.215377, 0.254688
0.125750, 0.215682, 0.254526
0.126000, 0.215988, 0.254364
0.126250, 0.216295, 0.254201
0.126500, 0.216602, 0.254039
0.126750, 0.216910, 0.253876
0.127000, 0.217219, 0.253712
0.127250, 0.217529, 0.253549
0.127500, 0.217839, 0.253385
0.127750, 0.218150, 0.253221
0.128000, 0.218462, 0.253057
0.128250, 0.218774, 0.252892
0.128500, 0.219086, 0.252727
0.128750, 0.219395, 0.252562
0.129000, 0.219704, 0.252397
0.129250, 0.220014, 0.252231
0.129500, 0.220325, 0.252066
0.129750, 0.220637, 0.251900
0.130000, 0.220949, 0.251733
0.130250, 0.221262, 0.251567
0.130500, 0.221575, 0.251400
0.130750, 0.221889, 0.251233
0.131000, 0.222204, 0.251066
0.131250, 0.222520, 0.250898
0.131500, 0.222836, 0.250730
0.131750, 0.223153, 0.250562
0.132000, 0.223471, 0.250394
0.132250, 0.223789, 0.250225
0.132500, 0.224108, 0.250057
0.132750, 0.224428, 0.249888
0.133000, 0.224749, 0.249718
0.133250, 0.225070, 0.249549
0.133500, 0.225392, 0.249379
0.133750, 0.225714, 0.249209
0.134000, 0.226038, 0.249039
0.134250, 0.226361, 0.248869
0.134500, 0.226680, 0.248698
0.134750, 0.227000, 0.248527
0.135000, 0.227321, 0.248356
0.135250, 0.227642, 0.248185
0.135500, 0.227964, 0.248017
0.135750, 0.228287, 0.247849
0.136000, 0.228610, 0.247681
0.136250, 0.228934, 0.247512
0.136500, 0.229259, 0.247343
0.136750, 0.229584, 0.247174
0.137000, 0.229910, 0.247005
0.137250, 0.230237, 0.246835
0.137500, 0.230564, 0.246666
0.137750, 0.230892, 0.246496
0.138000, 0.231221, 0.246326
0.138250, 0.231551, 0.246155
0.138500, 0.231881, 0.245985
0.138750, 0.232212, 0.245814
0.139000, 0.232543, 0.245643
0.139250, 0.232875, 0.245472
0.139500, 0.233208, 0.245301
0.139750, 0.233542, 0.245129
0.140000, 0.233872, 0.244957
0.140250, 0.234201, 0.244786
0.140500, 0.234531, 0.244613
0.140750, 0.234862, 0.244441
0.141000, 0.235193, 0.244268
0.141250, 0.235525, 0.244096
0.141500, 0.235857, 0.243923
0.141750, 0.236190, 0.243750
0.142000, 0.236524, 0.243576
0.142250, 0.236859, 0.243403
0.142500, 0.237194, 0.243229
0.142750, 0.237530, 0.243055
0.143000, 0.237866, 0.242881
0.143250, 0.238203, 0.242707
0.143500, 0.238541, 0.242533
0.143750, 0.238879, 0.242358
0.144000, 0.239219, 0.242183
0.144250, 0.239559, 0.242008
0.144500, 0.239899, 0.241833
0.144750, 0.240240, 0.241658
0.145000, 0.240582, 0.241482
0.145250, 0.240924, 0.241306
0.145500, 0.241262, 0.241130
0.145750, 0.241600, 0.240954
0.146000, 0.241938, 0.240778
0.146250, 0.242277, 0.240601
0.146500, 0.242617, 0.240425
0.146750, 0.242958, 0.240248
0.147000, 0.243299, 0.240071
0.147250, 0.243640, 0.239894
0.147500, 0.243983, 0.239716
0.147750, 0.244326, 0.239539
0.148000, 0.244669, 0.239361
0.148250, 0.245014, 0.239183
0.148500, 0.245359, 0.239005
0.148750, 0.245704, 0.238827
0.149000, 0.246051, 0.238649
0.149250, 0.246397, 0.238470
0.149500, 0.246745, 0.238291
0.149750, 0.247093, 0.238112
0.150000, 0.247442, 0.237933
0.150250, 0.247792, 0.237754
0.150500, 0.248142, 0.237574
0.150750, 0.248488, 0.237395
0.151000, 0.248833, 0.237215
0.151250, 0.249179, 0.237035
0.151500, 0.249526, 0.236855
0.151750, 0.249873, 0.236675
0.152000, 0.250221, 0.236494
0.152250, 0.250570, 0.236314
0.152500, 0.250919, 0.236133
0.152750, 0.251268, 0.235952
0.153000, 0.251619, 0.235771
0.153250, 0.251970, 0.235590
0.153500, 0.252321, 0.235408
0.153750, 0.252674, 0.235227
0.154000, 0.253027, 0.235045
0.154250, 0.253380, 0.234863
0.154500, 0.253734, 0.234681
0.154750, 0.254089, 0.234499
0.155000, 0.254445, 0.234317
0.155250, 0.254801, 0.234134
0.155500, 0.255158, 0.233951
0.155750, 0.255515, 0.233769
0.156000, 0.255867, 0.233586
0.156250, 0.256219, 0.233409
0.156500, 0.256572, 0.233231
0.156750, 0.256926, 0.233054
0.157000, 0.257280, 0.232876
0.157250, 0.257635, 0.232698
0.157500, 0.257990, 0.232520
0.157750, 0.258347, 0.232342
0.158000, 0.258703, 0.232163
0.158250, 0.259060, 0.231985
0.158500, 0.259418, 0.231806
0.158750, 0.259777, 0.231628
0.159000, 0.260136, 0.231449
0.159250, 0.260496, 0.231270
0.159500, 0.260856, 0.231091
0.159750, 0.261217, 0.230912
0.160000, 0.261579, 0.230732
0.160250, 0.261941, 0.230553
0.160500, 0.262304, 0.230373
0.160750, 0.262667, 0.230194
0.161000, 0.263027, 0.230014
0.161250, 0.263386, 0.229834
0.161500, 0.263744, 0.229654
0.161750, 0.264104, 0.229474
0.162000, 0.264464, 0.229294
0.162250, 0.264824, 0.229113
0.162500, 0.265186, 0.228933
0.162750, 0.265547, 0.228752
0.163000, 0.265910, 0.228572
0.163250, 0.266273, 0.228391
0.163500, 0.266636, 0.228210
0.163750, 0.267000, 0.228029
0.164000, 0.267365, 0.227848
0.164250, 0.267730, 0.227666
0.164500, 0.268096, 0.227485
0.164750, 0.268463, 0.227303
0.165000, 0.268830, 0.227122
0.165250, 0.269198, 0.226940
0.165500, 0.269566, 0.226758
0.165750, 0.269935, 0.226576
0.166000, 0.270301, 0.226394
0.166250, 0.270665, 0.226212
0.166500, 0.271029, 0.226029
0.166750, 0.271394, 0.225847
0.167000, 0.271759, 0.225664
0.167250, 0.272125, 0.225482
0.167500, 0.272492, 0.225299
0.167750, 0.272859, 0.225116
0.168000, 0.273227, 0.224933
0.168250, 0.273595, 0.224750
0.168500, 0.273964, 0.224567
0.168750, 0.274333, 0.224383
0.169000, 0.274703, 0.224200
0.169250, 0.275074, 0.224016
0.169500, 0.275445, 0.223833
0.169750, 0.275817, 0.223649
0.170000, 0.276189, 0.223465
0.170250, 0.276562, 0.223281
0.170500, 0.276935, 0.223097
0.170750, 0.277309, 0.222913
0.171000, 0.277679, 0.222728
0.171250, 0.278048, 0.222544
0.171500, 0.278417, 0.222359
0.171750, 0.278787, 0.222175
0.172000, 0.279158, 0.221990
0.172250, 0.279529, 0.221805
0.172500, 0.279901, 0.221620
0.172750, 0.280273, 0.221435
0.173000, 0.280646, 0.221250
0.173250, 0.281019, 0.221065
0.173500, 0.281393, 0.220880
0.173750, 0.281767, 0.220694
0.174000, 0.282142, 0.220509
0.174250, 0.282517, 0.220323
0.174500, 0.282893, 0.220137
0.174750, 0.283269, 0.219952
0.175000, 0.283646, 0.219766
0.175250, 0.284024, 0.219580
0.175500, 0.284402, 0.219394
0.175750, 0.284779, 0.219207
0.176000, 0.285152, 0.219021
0.176250, 0.285525, 0.218839
0.176500, 0.285899, 0.218657
0.176750, 0.286273, 0.218475
0.177000, 0.286648, 0.218293
0.177250, 0.287023, 0.218111
0.177500, 0.287399, 0.217928
0.177750, 0.287776, 0.217746
0.178000, 0.288152, 0.217564
0.178250, 0.288530, 0.217381
0.178500, 0.288908, 0.217199
0.178750, 0.289286, 0.217016
0.179000, 0.289665, 0.216833
0.179250, 0.290045, 0.216650
0.179500, 0.290425, 0.216467
0.179750, 0.290806, 0.216284
0.180000, 0.291187, 0.216101
0.180250, 0.291569, 0.215918
0.180500, 0.291951, 0.215735
0.180750, 0.292328, 0.215551
0.181000, 0.292705, 0.215368
0.181250, 0.293082, 0.215184
0.181500, 0.293460, 0.215001
0.181750, 0.293839, 0.214817
0.182000, 0.294218, 0.214633
0.182250, 0.294597, 0.214449
0.182500, 0.294977, 0.214265
0.182750, 0.295357, 0.214081
0.183000, 0.295738, 0.213897
0.183250, 0.296119, 0.213713
0.183500, 0.296501, 0.213529
0.183750, 0.296883, 0.213345
0.184000, 0.297266, 0.213160
0.184250, 0.297650, 0.212976
0.184500, 0.298034, 0.212791
0.184750, 0.298418, 0.212606
0.185000, 0.298803, 0.212422
0.185250, 0.299188, 0.212237
0.185500, 0.299569, 0.212052
0.185750, 0.299949, 0.211867
0.186000, 0.300330, 0.211682
0.186250, 0.300711, 0.211497
0.186500, 0.301092, 0.211312
0.186750, 0.301474, 0.211127
0.187000, 0.301857, 0.210941
0.187250, 0.302239, 0.210756
0.187500, 0.302623, 0.210571
0.187750, 0.303006, 0.210385
0.188000, 0.303391, 0.210200
0.188250, 0.303775, 0.210014
0.188500, 0.304161, 0.209828
0.188750, 0.304546, 0.209643
0.189000, 0.304932, 0.209457
0.189250, 0.305319, 0.209271
0.189500, 0.305706, 0.209085
0.189750, 0.306094, 0.208899
0.190000, 0.306482, 0.208713
0.190250, 0.306866, 0.208526
0.190500, 0.307248, 0.208340
0.190750, 0.307631, 0.208154
0.191000, 0.308015, 0.207967
0.191250, 0.308399, 0.207781
0.191500, 0.308783, 0.207595
0.191750, 0.309168, 0.207408
0.192000, 0.309554, 0.207221
0.192250, 0.309939, 0.207035
0.192500, 0.310326, 0.206848
0.192750, 0.310712, 0.206661
0.193000, 0.311099, 0.206474
0.193250, 0.311487, 0.206287
0.193500, 0.311875, 0.206100
0.193750, 0.312264, 0.205913
0.194000, 0.312652, 0.205726
0.194250, 0.313042, 0.205539
0.194500, 0.313432, 0.205352
0.194750, 0.313822, 0.205164
0.195000, 0.314208, 0.204977
0.195250, 0.314593, 0.204789
0.195500, 0.314978, 0.204602
0.195750, 0.315364, 0.204414
0.196000, 0.315750, 0.204233
0.196250, 0.316137, 0.204053
0.196500, 0.316524, 0.203873
0.196750, 0.316911, 0.203692
0.197000, 0.317299, 0.203512
0.197250, 0.317687, 0.203331
0.197500, 0.318076, 0.203150
0.197750, 0.318465, 0.202970
0.198000, 0.318855, 0.202789
0.198250, 0.319245, 0.202608
0.198500, 0.319635, 0.202427
0.198750, 0.320026, 0.202246
0.199000, 0.320417, 0.202065
0.199250, 0.320809, 0.201884
0.199500, 0.321201, 0.201703
0.199750, 0.321587, 0.201522
0.200000, 0.321974, 0.201341
0.200250, 0.322361, 0.201160
0.200500, 0.322748, 0.200979
0.200750, 0.323136, 0.200798
0.201000, 0.323525, 0.200616
0.201250, 0.323913, 0.200435
0.201500, 0.324303, 0.200254
0.201750, 0.324692, 0.200072
0.202000, 0.325082, 0.199891
0.202250, 0.325472, 0.199709
0.202500, 0.325863, 0.199527
0.202750, 0.326254, 0.199346
0.203000, 0.326646, 0.199164
0.203250, 0.327038, 0.198982
0.203500, 0.327430, 0.198801
0.203750, 0.327823, 0.198619
0.204000, 0.328216, 0.198437
0.204250, 0.328607, 0.198255
0.204500, 0.328995, 0.198073
0.204750, 0.329383, 0.197891
0.205000, 0.329772, 0.197709
0.205250, 0.330161, 0.197527
0.205500, 0.330550, 0.197345
0.205750, 0.330940, 0.197162
0.206000, 0.331330, 0.196980
0.206250, 0.331721, 0.196798
0.206500, 0.332111, 0.196616
0.206750, 0.332503, 0.196433
0.207000, 0.332894, 0.196251
0.207250, 0.333286, 0.196068
0.207500, 0.333678, 0.195886
0.207750, 0.334071, 0.195703
0.208000, 0.334464, 0.195521
0.208250, 0.334857, 0.195338
0.208500, 0.335251, 0.195156
0.208750, 0.335645, 0.194973
0.209000, 0.336036, 0.194790
0.209250, 0.336425, 0.194607
0.209500, 0.336814, 0.194425
0.209750, 0.337203, 0.194242
0.210000, 0.337593, 0.194059
0.210250, 0.337984, 0.193876
0.210500, 0.338374, 0.193693
0.210750, 0.338765, 0.193510
0.211000, 0.339156, 0.193327
0.211250, 0.339548, 0.193144
0.211500, 0.339940, 0.192961
0.211750, 0.340332, 0.192778
0.212000, 0.340725, 0.192595
0.212250, 0.341118, 0.192412
0.212500, 0.341511, 0.192228
0.212750, 0.341905, 0.192045
0.213000, 0.342299, 0.191862
0.213250, 0.342693, 0.191679
0.213500, 0.343088, 0.191495
0.213750, 0.343478, 0.191312
0.214000, 0.343867, 0.191129
0.214250, 0.344257, 0.190945
0.214500, 0.344647, 0.190762
0.214750, 0.345038, 0.190578
0.215000, 0.345429, 0.190395
0.215250, 0.345820, 0.190211
0.215500, 0.346211, 0.190028
0.215750, 0.346603, 0.189844
0.216000, 0.346995, 0.189664
0.216250, 0.347388, 0.189485
0.216500, 0.347780, 0.189306
0.216750, 0.348173, 0.189127
0.217000, 0.348567, 0.188948
0.217250, 0.348960, 0.188769
0.217500, 0.349354, 0.188590
0.217750, 0.349749, 0.188411
0.218000, 0.350143, 0.188232
0.218250, 0.350536, 0.188053
0.218500, 0.350926, 0.187874
0.218750, 0.351315, 0.187695
0.219000, 0.351706, 0.187515
0.219250, 0.352096, 0.187336
0.219500, 0.352487, 0.187157
0.219750, 0.352878, 0.186978
0.220000, 0.353270, 0.186799
0.220250, 0.353661, 0.186619
0.220500, 0.354053, 0.186440
0.220750, 0.354445, 0.186261
0.221000, 0.354838, 0.186081
0.221250, 0.355231, 0.185902
0.221500, 0.355624, 0.185723
0.221750, 0.356017, 0.185543
0.222000, 0.356411, 0.185364
0.222250, 0.356805, 0.185185
0.222500, 0.357199, 0.185005
0.222750, 0.357593, 0.184826
0.223000, 0.357984, 0.184646
0.223250, 0.358374, 0.184467
0.223500, 0.358764, 0.184287
0.223750, 0.359154, 0.184108
0.224000, 0.359544, 0.183928
0.224250, 0.359935, 0.183749
0.224500, 0.360326, 0.183569
0.224750, 0.360717, 0.183390
0.225000, 0.361109, 0.183210
0.225250, 0.361501, 0.183031
0.225500, 0.361893, 0.182851
0.225750, 0.362285, 0.182671
0.226000, 0.362677, 0.182492
0.226250, 0.363070, 0.182312
0.226500, 0.363463, 0.182133
0.226750, 0.363856, 0.181953
0.227000, 0.364250, 0.181773
0.227250, 0.364644, 0.181594
0.227500, 0.365037, 0.181414
0.227750, 0.365426, 0.181234
0.228000, 0.365815, 0.181054
0.228250, 0.366205, 0.180875
0.228500, 0.366595, 0.180695
0.228750, 0.366985, 0.180515
0.229000, 0.367375, 0.180335
0.229250, 0.367766, 0.180156
0.229500, 0.368157, 0.179976
0.229750, 0.368548, 0.179796
0.230000, 0.368939, 0.179617
0.230250, 0.369331, 0.179437
0.230500, 0.369722, 0.179257
0.230750, 0.370114, 0.179077
0.231000, 0.370506, 0.178897
0.231250, 0.370899, 0.178718
0.231500, 0.371292, 0.178538
0.231750, 0.371684, 0.178358
0.232000, 0.372077, 0.178178
0.232250, 0.372468, 0.177999
0.232500, 0.372857, 0.177819
0.232750, 0.373246, 0.177639
0.233000, 0.373635, 0.177459
0.233250, 0.374024, 0.177280
0.233500, 0.374414, 0.177100
0.233750, 0.374803, 0.176920
0.234000, 0.375193, 0.176740
0.234250, 0.375583, 0.176561
0.234500, 0.375974, 0.176381
0.234750, 0.376364, 0.176201
0.235000, 0.376755, 0.176022
0.235250, 0.377146, 0.175842
0.235500, 0.377537, 0.175662
0.235750, 0.377929, 0.175483
0.236000, 0.378320, 0.175303
0.236250, 0.378712, 0.175127
0.236500, 0.379104, 0.174955
0.236750, 0.379496, 0.174783
0.237000, 0.379885, 0.174611
0.237250, 0.380272, 0.174439
0.237500, 0.380660, 0.174268
0.237750, 0.381049, 0.174096
0.238000, 0.381437, 0.173924
0.238250, 0.381826, 0.173752
0.238500, 0.382214, 0.173581
0.238750, 0.382603, 0.173409
0.239000, 0.382992, 0.173237
0.239250, 0.383382, 0.173066
0.239500, 0.383771, 0.172894
0.239750, 0.384161, 0.172722
0.240000, 0.384551, 0.172551
0.240250, 0.384941, 0.172379
0.240500, 0.385331, 0.172208
0.240750, 0.385722, 0.172036
0.241000, 0.386112, 0.171865
0.241250, 0.386503, 0.171693
0.241500, 0.386894, 0.171522
0.241750, 0.387281, 0.171350
0.242000, 0.387667, 0.171179
0.242250, 0.388054, 0.171007
0.242500, 0.388442, 0.170836
0.242750, 0.388829, 0.170665
0.243000, 0.389216, 0.170493
0.243250, 0.389604, 0.170322
0.243500, 0.389992, 0.170151
0.243750, 0.390380, 0.169980
0.244000, 0.390768, 0.169808
0.244250, 0.391156, 0.169637
0.244500, 0.391545, 0.169466
0.244750, 0.391933, 0.169295
0.245000, 0.392322, 0.169124
0.245250, 0.392711, 0.168953
0.245500, 0.393100, 0.168782
0.245750, 0.393489, 0.168611
0.246000, 0.393879, 0.168440
0.246250, 0.394267, 0.168269
0.246500, 0.394653, 0.168098
0.246750, 0.395038, 0.167927
0.247000, 0.395424, 0.167756
0.247250, 0.395810, 0.167586
0.247500, 0.396195, 0.167415
0.247750, 0.396582, 0.167244
0.248000, 0.396968, 0.167074
0.248250, 0.397354, 0.166903
0.248500, 0.397741, 0.166732
0.248750, 0.398127, 0.166562
0.249000, 0.398514, 0.166391
0.249250, 0.398901, 0.166221
0.249500, 0.399288, 0.166050
0.249750, 0.399675, 0.165880
0.250000, 0.400062, 0.165710
0.250250, 0.400450, 0.165539
0.250500, 0.400837, 0.165369
0.250750, 0.401225, 0.165199
0.251000, 0.401611, 0.165029
0.251250, 0.401995, 0.164858
0.251500, 0.402379, 0.164688
0.251750, 0.402763, 0.164518
0.252000, 0.403147, 0.164348
0.252250, 0.403532, 0.164178
0.252500, 0.403916, 0.164008
0.252750, 0.404301, 0.163838
0.253000, 0.404686, 0.163668
0.253250, 0.405070, 0.163498
0.253500, 0.405455, 0.163328
0.253750, 0.405840, 0.163159
0.254000, 0.406226, 0.162989
0.254250, 0.406611, 0.162819
0.254500, 0.406996, 0.162650
0.254750, 0.407382, 0.162480
0.255000, 0.407768, 0.162311
0.255250, 0.408153, 0.162141
0.255500, 0.408539, 0.161972
0.255750, 0.408924, 0.161802
0.256000, 0.409306, 0.161633
0.256250, 0.409688, 0.161464
0.256500, 0.410071, 0.161294
0.256750, 0.410453, 0.161125
0.257000, 0.410836, 0.160956
0.257250, 0.411219, 0.160787
0.257500, 0.411602, 0.160617
0.257750, 0.411985, 0.160452
0.258000, 0.412368, 0.160286
0.258250, 0.412751, 0.160121
0.258500, 0.413135, 0.159956
0.258750, 0.413518, 0.159790
0.259000, 0.413902, 0.159625
0.259250, 0.414285, 0.159460
0.259500, 0.414669, 0.159295
0.259750, 0.415053, 0.159130
0.260000, 0.415437, 0.158965
0.260250, 0.415820, 0.158800
0.260500, 0.416203, 0.158635
0.260750, 0.416584, 0.158471
0.261000, 0.416965, 0.158306
0.261250, 0.417345, 0.158141
0.261500, 0.417726, 0.157976
0.261750, 0.418107, 0.157812
0.262000, 0.418488, 0.157647
0.262250, 0.418869, 0.157483
0.262500, 0.419250, 0.157318
0.262750, 0.419631, 0.157154
0.263000, 0.420013, 0.156990
0.263250, 0.420394, 0.156825
0.263500, 0.420775, 0.156661
0.263750, 0.421157, 0.156497
0.264000, 0.421538, 0.156333
0.264250, 0.421920, 0.156169
0.264500, 0.422302, 0.156005
0.264750, 0.422683, 0.155841
0.265000, 0.423065, 0.155677
0.265250, 0.423446, 0.155513
0.265500, 0.423825, 0.155350
0.265750, 0.424204, 0.155186
0.266000, 0.424582, 0.155022
0.266250, 0.424961, 0.154859
0.266500, 0.425340, 0.154695
0.266750, 0.425719, 0.154532
0.267000, 0.426098, 0.154369
0.267250, 0.426477, 0.154205
0.267500, 0.426856, 0.154042
0.267750, 0.427235, 0.153879
0.268000, 0.427614, 0.153716
0.268250, 0.427994, 0.153553
0.268500, 0.428373, 0.153390
0.268750, 0.428752, 0.153227
0.269000, 0.429132, 0.153065
0.269250, 0.429511, 0.152902
0.269500, 0.429891, 0.152739
0.269750, 0.430270, 0.152577
0.270000, 0.430650, 0.152414
0.270250, 0.431027, 0.152252
0.270500, 0.431403, 0.152090
0.270750, 0.431780, 0.151927
0.271000, 0.432156, 0.151765
0.271250, 0.432533, 0.151603
0.271500, 0.432910, 0.151441
0.271750, 0.433286, 0.151279
0.272000, 0.433663, 0.151117
0.272250, 0.434040, 0.150956
0.272500, 0.434417, 0.150794
0.272750, 0.434794, 0.150632
0.273000, 0.435171, 0.150471
0.273250, 0.435548, 0.150309
0.273500, 0.435925, 0.150148
0.273750, 0.436303, 0.149987
0.274000, 0.436680, 0.149826
0.274250, 0.437057, 0.149664
0.274500, 0.437434, 0.149503
0.274750, 0.437811, 0.149343
0.275000, 0.438187, 0.149182
0.275250, 0.438561, 0.149021
0.275500, 0.438936, 0.148860
0.275750, 0.439310, 0.148700
0.276000, 0.439684, 0.148539
0.276250, 0.440059, 0.148379
0.276500, 0.440434, 0.148219
0.276750, 0.440808, 0.148059
0.277000, 0.441183, 0.147898
0.277250, 0.441558, 0.147739
0.277500, 0.441932, 0.147579
0.277750, 0.442307, 0.147419
0.278000, 0.442682, 0.147259
0.278250, 0.443057, 0.147100
0.278500, 0.443431, 0.146940
0.278750, 0.443806, 0.146781
0.279000, 0.444181, 0.146622
0.279250, 0.444556, 0.146462
0.279500, 0.444931, 0.146303
0.279750, 0.445305, 0.146144
0.280000, 0.445678, 0.145986
0.280250, 0.446050, 0.145835
0.280500, 0.446422, 0.145685
0.280750, 0.446794, 0.145534
0.281000, 0.447167, 0.145383
0.281250, 0.447539, 0.145233
0.281500, 0.447911, 0.145083
0.281750, 0.448284, 0.144932
0.282000, 0.448656, 0.144782
0.282250, 0.449029, 0.144632
0.282500, 0.449401, 0.144482
0.282750, 0.449774, 0.144332
0.283000, 0.450146, 0.144182
0.283250, 0.450518, 0.144032
0.283500, 0.450891, 0.143883
0.283750, 0.451263, 0.143733
0.284000, 0.451636, 0.143583
0.284250, 0.452008, 0.143434
0.284500, 0.452381, 0.143285
0.284750, 0.452752, 0.143136
0.285000, 0.453122, 0.142986
0.285250, 0.453492, 0.142837
0.285500, 0.453862, 0.142688
0.285750, 0.454232, 0.142540
0.286000, 0.454602, 0.142391
0.286250, 0.454972, 0.142242
0.286500, 0.455342, 0.142094
0.286750, 0.455712, 0.141945
0.287000, 0.456082, 0.141797
0.287250, 0.456452, 0.141649
0.287500, 0.456822, 0.141501
0.287750, 0.457192, 0.141353
0.288000, 0.457562, 0.141205
0.288250, 0.457932, 0.141057
0.288500, 0.458302, 0.140909
0.288750, 0.458672, 0.140762
0.289000, 0.459042, 0.140614
0.289250, 0.459412, 0.140467
0.289500, 0.459782, 0.140320
0.289750, 0.460150, 0.140172
0.290000, 0.460518, 0.140025
0.290250, 0.460886, 0.139878
0.290500, 0.461253, 0.139732
0.290750, 0.461621, 0.139585
0.291000, 0.461989, 0.139438
0.291250, 0.462357, 0.139292
0.291500, 0.462724, 0.139145
0.291750, 0.463092, 0.138999
0.292000, 0.463460, 0.138853
0.292250, 0.463828, 0.138707
0.292500, 0.464195, 0.138561
0.292750, 0.464563, 0.138415
0.293000, 0.464931, 0.138269
0.293250, 0.465298, 0.138124
0.293500, 0.465666, 0.137978
0.293750, 0.466033, 0.137833
0.294000, 0.466401, 0.137687
0.294250, 0.466769, 0.137542
0.294500, 0.467136, 0.137397
0.294750, 0.467502, 0.137252
0.295000, 0.467867, 0.137108
0.295250, 0.468232, 0.136963
0.295500, 0.468598, 0.136819
0.295750, 0.468963, 0.136674
0.296000, 0.469329, 0.136530
0.296250, 0.469694, 0.136386
0.296500, 0.470060, 0.136242
0.296750, 0.470425, 0.136098
0.297000, 0.470791, 0.135954
0.297250, 0.471156, 0.135810
0.297500, 0.471522, 0.135667
0.297750, 0.471887, 0.135523
0.298000, 0.472252, 0.135380
0.298250, 0.472618, 0.135237
0.298500, 0.472983, 0.135094
0.298750, 0.473348, 0.134951
0.299000, 0.473713, 0.134809
0.299250, 0.474079, 0.134666
0.299500, 0.474444, 0.134524
0.299750, 0.474807, 0.134381
0.300000, 0.475171, 0.134239
0.300250, 0.475534, 0.134097
0.300500, 0.475897, 0.133955
0.300750, 0.476261, 0.133814
0.301000, 0.476624, 0.133672
0.301250, 0.476987, 0.133531
0.301500, 0.477351, 0.133389
0.301750, 0.477714, 0.133248
0.302000, 0.478077, 0.133107
0.302250, 0.478441, 0.132966
0.302500, 0.478804, 0.132826
0.302750, 0.479167, 0.132685
0.303000, 0.479530, 0.132545
0.303250, 0.479893, 0.132405
0.303500, 0.480256, 0.132264
0.303750, 0.480620, 0.132125
0.304000, 0.480983, 0.131985
0.304250, 0.481346, 0.131845
0.304500, 0.481709, 0.131706
0.304750, 0.482071, 0.131566
0.305000, 0.482432, 0.131427
0.305250, 0.482794, 0.131290
0.305500, 0.483155, 0.131152
0.305750, 0.483517, 0.131015
0.306000, 0.483878, 0.130878
0.306250, 0.484239, 0.130741
0.306500, 0.484601, 0.130604
0.306750, 0.484962, 0.130467
0.307000, 0.485323, 0.130331
0.307250, 0.485685, 0.130194
0.307500, 0.486046, 0.130058
0.307750, 0.486407, 0.129922
0.308000, 0.486769, 0.129786
0.308250, 0.487130, 0.129650
0.308500, 0.487491, 0.129515
0.308750, 0.487852, 0.129379
0.309000, 0.488213, 0.129244
0.309250, 0.488574, 0.129109
0.309500, 0.488935, 0.128974
0.309750, 0.489295, 0.128839
0.310000, 0.489654, 0.128704
0.310250, 0.490013, 0.128570
0.310500, 0.490373, 0.128436
0.310750, 0.490732, 0.128301
0.311000, 0.491091, 0.128167
0.311250, 0.491450, 0.128033
0.311500, 0.491809, 0.127900
0.311750, 0.492169, 0.127766
0.312000, 0.492528, 0.127633
0.312250, 0.492887, 0.127499
0.312500, 0.493246, 0.127366
0.312750, 0.493605, 0.127233
0.313000, 0.493963, 0.127101
0.313250, 0.494322, 0.126968
0.313500, 0.494681, 0.126835
0.313750, 0.495039, 0.126703
0.314000, 0.495398, 0.126571
0.314250, 0.495756, 0.126439
0.314500, 0.496115, 0.126307
0.314750, 0.496473, 0.126175
0.315000, 0.496830, 0.126044
0.315250, 0.497187, 0.125912
0.315500, 0.497543, 0.125781
0.315750, 0.497900, 0.125650
0.316000, 0.498257, 0.125519
0.316250, 0.498614, 0.125389
0.316500, 0.498970, 0.125258
0.316750, 0.499327, 0.125128
0.317000, 0.499684, 0.124997
0.317250, 0.500040, 0.124867
0.317500, 0.500397, 0.124737
0.317750, 0.500753, 0.124608
0.318000, 0.501109, 0.124478
0.318250, 0.501465, 0.124349
0.318500, 0.501821, 0.124219
0.318750, 0.502177, 0.124090
0.319000, 0.502533, 0.123961
0.319250, 0.502889, 0.123833
0.319500, 0.503244, 0.123704
0.319750, 0.503600, 0.123576
0.320000, 0.503954, 0.123447
0.320250, 0.504309, 0.123319
0.320500, 0.504663, 0.123191
0.320750, 0.505017, 0.123064
0.321000, 0.505371, 0.122936
0.321250, 0.505725, 0.122809
0.321500, 0.506078, 0.122682
0.321750, 0.506432, 0.122554
0.322000, 0.506786, 0.122428
0.322250, 0.507139, 0.122301
0.322500, 0.507492, 0.122174
0.322750, 0.507846, 0.122048
0.323000, 0.508199, 0.121922
0.323250, 0.508551, 0.121796
0.323500, 0.508904, 0.121670
0.323750, 0.509257, 0.121544
0.324000, 0.509609, 0.121418
0.324250, 0.509961, 0.121293
0.324500, 0.510313, 0.121168
0.324750, 0.510664, 0.121043
0.325000, 0.511016, 0.120918
0.325250, 0.511366, 0.120793
0.325500, 0.511716, 0.120669
0.325750, 0.512065, 0.120544
0.326000, 0.512414, 0.120420
0.326250, 0.512760, 0.120293
0.326500, 0.513078, 0.120147
0.326750, 0.513302, 0.119932
0.327000, 0.513390, 0.119620
0.327250, 0.513357, 0.119221
0.327500, 0.513163, 0.118705
0.327750, 0.512950, 0.118177
0.328000, 0.512990, 0.117833
0.328250, 0.512853, 0.117360
0.328500, 0.512666, 0.116853
0.328750, 0.512601, 0.116456
0.329000, 0.512516, 0.116049
0.329250, 0.512778, 0.115880
0.329500, 0.512564, 0.115387
0.329750, 0.512315, 0.114870
0.330000, 0.512689, 0.114779
0.330250, 0.512643, 0.114403
0.330500, 0.512766, 0.114142
0.330750, 0.513001, 0.113958
0.331000, 0.512683, 0.113397
0.331250, 0.513023, 0.113288
0.331500, 0.513076, 0.112982
0.331750, 0.513251, 0.112761
0.332000, 0.513627, 0.112679
0.332250, 0.513961, 0.112568
0.332500, 0.514533, 0.112621
0.332750, 0.514589, 0.112321
0.333000, 0.514462, 0.111896
0.333250, 0.514070, 0.111290
0.333500, 0.514185, 0.111033
0.333750, 0.513616, 0.110307
0.334000, 0.513437, 0.109850
0.334250, 0.513980, 0.109890
0.334500, 0.513370, 0.109137
0.334750, 0.512894, 0.108479
0.335000, 0.513532, 0.108587
0.335250, 0.513190, 0.108022
0.335500, 0.513107, 0.107636
0.335750, 0.513203, 0.107375
0.336000, 0.512904, 0.106842
0.336250, 0.512998, 0.106582
0.336500, 0.513329, 0.106485
0.336750, 0.512983, 0.105923
0.337000, 0.513448, 0.105921
0.337250, 0.513177, 0.105412
0.337500, 0.513128, 0.105057
0.337750, 0.513587, 0.105055
0.338000, 0.513449, 0.104640
0.338250, 0.513848, 0.104599
0.338500, 0.513982, 0.104374
0.338750, 0.514261, 0.104251
0.339000, 0.514715, 0.104251
0.339250, 0.514818, 0.104006
0.339500, 0.515492, 0.104161
0.339750, 0.515430, 0.103803
0.340000, 0.515935, 0.103842
0.340250, 0.516524, 0.103938
0.340500, 0.516223, 0.103418
0.340750, 0.515649, 0.102707
0.341000, 0.515073, 0.101995
0.341250, 0.515301, 0.101842
0.341500, 0.514507, 0.100968
0.341750, 0.513689, 0.100079
0.342000, 0.513829, 0.099870
0.342250, 0.512892, 0.098899
0.342500, 0.512945, 0.098632
0.342750, 0.512407, 0.097947
0.343000, 0.511909, 0.097292
0.343250, 0.511606, 0.096777
0.343500, 0.510971, 0.096030
0.343750, 0.511429, 0.096059
0.344000, 0.510909, 0.095396
0.344250, 0.511392, 0.095446
0.344500, 0.511213, 0.095028
0.344750, 0.511419, 0.094884
0.345000, 0.511514, 0.094662
0.345250, 0.511788, 0.094569
0.345500, 0.512283, 0.094633
0.345750, 0.512969, 0.094832
0.346000, 0.512963, 0.094542
0.346250, 0.513590, 0.094702
0.346500, 0.513777, 0.094550
0.346750, 0.513710, 0.094220
0.347000, 0.513923, 0.094089
0.347250, 0.513929, 0.093812
0.347500, 0.513869, 0.093490
0.347750, 0.514246, 0.093479
0.348000, 0.514581, 0.093438
0.348250, 0.514912, 0.093396
0.348500, 0.515081, 0.093239
0.348750, 0.515634, 0.093355
0.349000, 0.515746, 0.093159
0.349250, 0.516425, 0.093364
0.349500, 0.516454, 0.093111
0.349750, 0.516999, 0.093223
0.350000, 0.517172, 0.093072
0.350250, 0.517498, 0.093030
0.350500, 0.517695, 0.092898
0.350750, 0.517887, 0.092762
0.351000, 0.518115, 0.092653
0.351250, 0.518210, 0.092450
0.351500, 0.518650, 0.092492
0.351750, 0.518789, 0.092320
0.352000, 0.519186, 0.092332
0.352250, 0.519154, 0.092042
0.352500, 0.519246, 0.091839
0.352750, 0.519724, 0.091910
0.353000, 0.519897, 0.091766
0.353250, 0.520298, 0.091784
0.353500, 0.520638, 0.091759
0.353750, 0.520982, 0.091736
0.354000, 0.521157, 0.091595
0.354250, 0.521596, 0.091642
0.354500, 0.521777, 0.091506
0.354750, 0.522044, 0.091431
0.355000, 0.522346, 0.091381
0.355250, 0.522443, 0.091187
0.355500, 0.522814, 0.091188
0.355750, 0.522871, 0.090967
0.356000, 0.522856, 0.090695
0.356250, 0.523235, 0.090703
0.356500, 0.523259, 0.090461
0.356750, 0.523401, 0.090303
0.357000, 0.523869, 0.090375
0.357250, 0.524042, 0.090240
0.357500, 0.524437, 0.090262
0.357750, 0.524759, 0.090232
0.358000, 0.524978, 0.090130
0.358250, 0.525256, 0.090070
0.358500, 0.525627, 0.090076
0.358750, 0.525705, 0.089876
0.359000, 0.525984, 0.089818
0.359250, 0.526262, 0.089760
0.359500, 0.526223, 0.089477
0.359750, 0.526375, 0.089332
0.360000, 0.526366, 0.089072
0.360250, 0.526583, 0.088974
0.360500, 0.526534, 0.088688
0.360750, 0.526633, 0.088507
0.361000, 0.526955, 0.088485
0.361250, 0.527072, 0.088319
0.361500, 0.527503, 0.088375
0.361750, 0.527767, 0.088313
0.362000, 0.528241, 0.088401
0.362250, 0.528329, 0.088215
0.362500, 0.528801, 0.088302
0.362750, 0.528977, 0.088179
0.363000, 0.529198, 0.088089
0.363250, 0.529482, 0.088043
0.363500, 0.529826, 0.088041
0.363750, 0.529813, 0.087786
0.364000, 0.530149, 0.087779
0.364250, 0.530366, 0.087688
0.364500, 0.530520, 0.087556
0.364750, 0.530873, 0.087562
0.365000, 0.530936, 0.087376
0.365250, 0.531347, 0.087422
0.365500, 0.531650, 0.087397
0.365750, 0.532084, 0.087458
0.366000, 0.532413, 0.087450
0.366250, 0.532859, 0.087520
0.366500, 0.532973, 0.087370
0.366750, 0.533002, 0.087163
0.367000, 0.533473, 0.087252
0.367250, 0.533466, 0.087022
0.367500, 0.533294, 0.086682
0.367750, 0.533172, 0.086377
0.368000, 0.533173, 0.086154
0.368250, 0.533096, 0.085880
0.368500, 0.532890, 0.085520
0.368750, 0.532461, 0.085013
0.369000, 0.532101, 0.084553
0.369250, 0.532381, 0.084522
0.369500, 0.532160, 0.084156
0.369750, 0.532081, 0.083886
0.370000, 0.532399, 0.083883
0.370250, 0.532348, 0.083633
0.370500, 0.532543, 0.083549
0.370750, 0.532716, 0.083449
0.371000, 0.532771, 0.083273
0.371250, 0.533309, 0.083421
0.371500, 0.533452, 0.083303
0.371750, 0.533541, 0.083150
0.372000, 0.533898, 0.083178
0.372250, 0.534262, 0.083212
0.372500, 0.534649, 0.083260
0.372750, 0.534599, 0.083015
0.373000, 0.534960, 0.083047
0.373250, 0.535382, 0.083121
0.373500, 0.535277, 0.082839
0.373750, 0.535840, 0.083009
0.374000, 0.536085, 0.082964
0.374250, 0.535966, 0.082673
0.374500, 0.536288, 0.082682
0.374750, 0.536110, 0.082352
0.375000, 0.536376, 0.082323
0.375250, 0.536320, 0.082077
0.375500, 0.536379, 0.081909
0.375750, 0.536460, 0.081757
0.376000, 0.536501, 0.081578
0.376250, 0.536608, 0.081444
0.376500, 0.536519, 0.081178
0.376750, 0.536618, 0.081041
0.377000, 0.536398, 0.080685
0.377250, 0.536154, 0.080316
0.377500, 0.535804, 0.079873
0.377750, 0.535511, 0.079472
0.378000, 0.535327, 0.079145
0.378250, 0.534957, 0.078693
0.378500, 0.534685, 0.078308
0.378750, 0.534709, 0.078126
0.379000, 0.534299, 0.077649
0.379250, 0.534463, 0.077565
0.379500, 0.534165, 0.077166
0.379750, 0.534100, 0.076927
0.380000, 0.533932, 0.076619
0.380250, 0.533671, 0.076247
0.380500, 0.533719, 0.076089
0.380750, 0.533513, 0.075757
0.381000, 0.533841, 0.075792
0.381250, 0.533691, 0.075500
0.381500, 0.534246, 0.075691
0.381750, 0.534369, 0.075587
0.382000, 0.534735, 0.075649
0.382250, 0.535140, 0.075739
0.382500, 0.535506, 0.075802
0.382750, 0.535860, 0.075857
0.383000, 0.535962, 0.075738
0.383250, 0.536560, 0.075962
0.383500, 0.536514, 0.075742
0.383750, 0.536665, 0.075658
0.384000, 0.537038, 0.075727
0.384250, 0.537137, 0.075608
0.384500, 0.537211, 0.075472
0.384750, 0.537564, 0.075529
0.385000, 0.537944, 0.075604
0.385250, 0.538427, 0.075749
0.385500, 0.538749, 0.075785
0.385750, 0.539464, 0.076091
0.386000, 0.539728, 0.076085
0.386250, 0.540309, 0.076300
0.386500, 0.540663, 0.076361
0.386750, 0.541033, 0.076434
0.387000, 0.541014, 0.076234
0.387250, 0.541271, 0.076228
0.387500, 0.541175, 0.075974
0.387750, 0.541307, 0.075880
0.388000, 0.541129, 0.075569
0.388250, 0.541051, 0.075329
0.388500, 0.541104, 0.075181
0.388750, 0.541192, 0.075058
0.389000, 0.541221, 0.074895
0.389250, 0.540986, 0.074545
0.389500, 0.541161, 0.074485
0.389750, 0.541052, 0.074224
0.390000, 0.541209, 0.074153
0.390250, 0.541304, 0.074038
0.390500, 0.541138, 0.073738
0.390750, 0.541094, 0.073526
0.391000, 0.541235, 0.073445
0.391250, 0.541175, 0.073221
0.391500, 0.541076, 0.072969
0.391750, 0.540959, 0.072687
0.392000, 0.540866, 0.072424
0.392250, 0.540734, 0.072132
0.392500, 0.540666, 0.071889
0.392750, 0.540445, 0.071531
0.393000, 0.540436, 0.071336
0.393250, 0.540225, 0.070988
0.393500, 0.540203, 0.070784
0.393750, 0.540393, 0.070743
0.394000, 0.540248, 0.070447
0.394250, 0.540563, 0.070503
0.394500, 0.540486, 0.070261
0.394750, 0.540413, 0.070022
0.395000, 0.540534, 0.069932
0.395250, 0.540312, 0.069582
0.395500, 0.540293, 0.069387
0.542145
0.395750, 0.540216, 0.069149
0.526544
0.396000, 0.540134, 0.068909
0.543530
0.396250, 0.539922, 0.068574
0.528408
0.396500, 0.539879, 0.068367
0.544130
0.396750, 0.539423, 0.067855
0.529481
0.397000, 0.539386, 0.067654
0.544093
0.397250, 0.539126, 0.067290
0.529936
0.397500, 0.538994, 0.067022
0.511524
0.543558
0.397750, 0.538841, 0.066740
0.529756
0.398000, 0.538733, 0.066493
0.512332
0.542887
0.398250, 0.538679, 0.066286
0.529239
0.398500, 0.538257, 0.065811
0.512315
0.542334
0.398750, 0.538259, 0.065649
0.528754
0.399000, 0.537760, 0.065122
0.512214
0.542656
0.399250, 0.537782, 0.064978
0.529213
0.399500, 0.537365, 0.064515
0.512881
0.543884
0.399750, 0.537352, 0.064348
0.530873
0.400000, 0.537204, 0.064086
0.514472
0.545281
0.400250, 0.537210, 0.063936
0.532794
0.400500, 0.536960, 0.063602
0.516394
0.545648
0.400750, 0.537137, 0.063580
0.498755
0.534587
0.401000, 0.537123, 0.063419
0.517999
0.544165
0.401250, 0.537140, 0.063282
0.500854
0.535639
0.401500, 0.537037, 0.063060
0.519214
0.541792
0.401750, 0.536701, 0.062671
0.502204
0.536210
0.402000, 0.536563, 0.062428
0.483087
0.520339
0.402250, 0.535950, 0.061844
0.503201
0.536036
0.402500, 0.535281, 0.061226
0.484818
0.521452
0.402750, 0.534633, 0.060628
0.504107
0.534098
0.403000, 0.533258, 0.059516
0.485885
0.521873
0.403250, 0.532373, 0.058786
0.504972
0.527925
0.403500, 0.530700, 0.057660
0.486595
0.521497
0.403750, 0.529032, 0.056595
0.505642
0.404000, 0.526999, 0.055329
0.486930
0.517205
0.404250, 0.524612, 0.053938
0.504882
0.404500, 0.521744, 0.052414
0.486318
0.404750, 0.518540, 0.050739
0.499672
0.405000, 0.514647, 0.049067
0.405250, 0.509345, 0.047006
0.405500, 0.043400, 0.157459, 0.501533, 0.044650
0.405750, 0.036933, 0.148986, 0.491109, 0.042027
0.406000, 0.033563, 0.144466, 0.477696, 0.039348
0.406250, 0.029678, 0.140563, 0.457798, 0.036162
0.406500, 0.026888, 0.137295, 0.433843, 0.032866
0.406750, 0.023412, 0.133875, 0.399910, 0.028817
0.407000, 0.019998, 0.130584, 0.361616, 0.025595
0.407250, 0.017337, 0.128442, 0.327150, 0.022941
0.407500, 0.013596, 0.125233, 0.277880, 0.019177
0.407750, 0.009967, 0.121747, 0.015200
0.408000, 0.003752, 0.117232, 0.004867
0.408250, 0.408500, 0.408750, 0.409000, 0.409250, 0.409500, 0.409750, 0.410000, 0.410250, 0.410500, 0.410750, 0.411000, 0.411250, 0.411500, 0.411750, 0.412000, 0.412250, 0.412500, 0.513772
0.412750, 0.498653
0.527938
0.413000, 0.517218
0.413250, 0.501756
0.531555
0.413500, 0.484736
0.519174
0.540771
0.413750, 0.503139
0.533727
0.414000, 0.486341
0.520162
0.544377
0.414250, 0.468545
0.504028
0.534922
0.414500, 0.487421
0.520050
0.546411
0.414750, 0.470376
0.503748
0.535675
0.415000, 0.487862
0.520247
0.548175
0.415250, 0.471582
0.503524
0.535440
0.558174
0.415500, 0.454111
0.487823
0.520097
0.549815
0.415750, 0.472081
0.503644
0.535500
0.561324
0.416000, 0.455321
0.487719
0.519944
0.550451
0.416250, 0.472550
0.503714
0.535445
0.562884
0.416500, 0.456384
0.488185
0.519959
0.550800
0.570553
0.416750, 0.438487
0.472699
0.503726
0.535091
0.564482
0.417000, 0.456689
0.488213
0.519560
0.550257
0.573064
0.417250, 0.439463
0.473014
0.503638
0.534953
0.565219
0.417500, 0.457380
0.488391
0.519575
0.550205
0.576331
0.417750, 0.440549
0.473058
0.503572
0.534633
0.565320
0.418000, 0.457241
0.488470
0.519130
0.549633
0.577869
0.418250, 0.441044
0.473334
0.503448
0.534081
0.565426
0.418500, 0.457589
0.488435
0.518709
0.549182
0.578346
0.418750, 0.441439
0.473893
0.504118
0.533630
0.565362
0.419000, 0.457833
0.488324
0.518720
0.548855
0.577641
0.419250, 